route_id,baseline,delta,budget,policy,random_seed,base_tt,base_nl,base_dist,delta_tt,delta_nl,tt_red_pct,dist_inc_pct,accepted_moves,num_candidates,is_feasible,runtime_seconds,actionability_runtime_seconds
RouteID_693060a6-88bb-4324-9e9c-925d5240263c,NearestNeighbor,0.0,0.05,Random,42,7735.535000000002,77,39.41671152071983,0.0,0,0.0,0.0,0,8,True,0.016281899999739835,0.03408609999678447
RouteID_693060a6-88bb-4324-9e9c-925d5240263c,NearestNeighbor,0.0,0.05,Random,43,7735.535000000002,77,39.41671152071983,0.0,0,0.0,0.0,0,8,True,0.019059800000832183,0.03408609999678447
RouteID_693060a6-88bb-4324-9e9c-925d5240263c,NearestNeighbor,0.0,0.05,Random,44,7735.535000000002,77,39.41671152071983,0.0,0,0.0,0.0,0,8,True,0.012029900000925409,0.03408609999678447
RouteID_693060a6-88bb-4324-9e9c-925d5240263c,NearestNeighbor,0.0,0.05,Random,45,7735.535000000002,77,39.41671152071983,92.14333333333434,0,1.1911694967876731,-0.17563841121979976,1,8,True,0.017992799999774434,0.03408609999678447
RouteID_693060a6-88bb-4324-9e9c-925d5240263c,NearestNeighbor,0.0,0.05,Random,46,7735.535000000002,77,39.41671152071983,0.0,0,0.0,0.0,0,8,True,0.020049500002642162,0.03408609999678447
RouteID_693060a6-88bb-4324-9e9c-925d5240263c,NearestNeighbor,0.0,0.05,Random,47,7735.535000000002,77,39.41671152071983,71.13333333333594,0,0.9195657874127119,-0.02194217075589841,3,8,True,0.01575049999883049,0.03408609999678447
RouteID_693060a6-88bb-4324-9e9c-925d5240263c,NearestNeighbor,0.0,0.05,Random,48,7735.535000000002,77,39.41671152071983,0.0,0,0.0,0.0,0,8,True,0.019069599999056663,0.03408609999678447
RouteID_693060a6-88bb-4324-9e9c-925d5240263c,NearestNeighbor,0.0,0.05,Random,49,7735.535000000002,77,39.41671152071983,34.280000000001564,0,0.4431496981139838,-0.2003002879036113,2,8,True,0.01955439999801456,0.03408609999678447
RouteID_693060a6-88bb-4324-9e9c-925d5240263c,NearestNeighbor,0.0,0.05,Random,50,7735.535000000002,77,39.41671152071983,25.66666666666879,0,0.3318020882417155,-0.051847637761594775,1,8,True,0.014436000001296634,0.03408609999678447
RouteID_693060a6-88bb-4324-9e9c-925d5240263c,NearestNeighbor,0.0,0.05,Random,51,7735.535000000002,77,39.41671152071983,0.0,0,0.0,0.0,0,8,True,0.014602400002331706,0.03408609999678447
RouteID_693060a6-88bb-4324-9e9c-925d5240263c,NearestNeighbor,0.0,0.1,Random,42,7735.535000000002,77,39.41671152071983,1.9616666666670426,0,0.025359159601333874,-0.028363379645431508,1,16,True,0.0315000999980839,0.03408609999678447
RouteID_693060a6-88bb-4324-9e9c-925d5240263c,NearestNeighbor,0.0,0.1,Random,43,7735.535000000002,77,39.41671152071983,0.0,0,0.0,0.0,0,16,True,0.03219130000070436,0.03408609999678447
RouteID_693060a6-88bb-4324-9e9c-925d5240263c,NearestNeighbor,0.0,0.1,Random,44,7735.535000000002,77,39.41671152071983,0.0,0,0.0,0.0,0,16,True,0.02752669999972568,0.03408609999678447
RouteID_693060a6-88bb-4324-9e9c-925d5240263c,NearestNeighbor,0.0,0.1,Random,45,7735.535000000002,77,39.41671152071983,92.14333333333434,0,1.1911694967876731,-0.17563841121979976,1,16,True,0.030198100001143757,0.03408609999678447
RouteID_693060a6-88bb-4324-9e9c-925d5240263c,NearestNeighbor,0.0,0.1,Random,46,7735.535000000002,77,39.41671152071983,0.0,0,0.0,0.0,0,16,True,0.02761389999795938,0.03408609999678447
RouteID_693060a6-88bb-4324-9e9c-925d5240263c,NearestNeighbor,0.0,0.1,Random,47,7735.535000000002,77,39.41671152071983,71.13333333333594,0,0.9195657874127119,-0.02194217075589841,3,16,True,0.03051400000185822,0.03408609999678447
RouteID_693060a6-88bb-4324-9e9c-925d5240263c,NearestNeighbor,0.0,0.1,Random,48,7735.535000000002,77,39.41671152071983,0.0,0,0.0,0.0,0,16,True,0.03171859999929438,0.03408609999678447
RouteID_693060a6-88bb-4324-9e9c-925d5240263c,NearestNeighbor,0.0,0.1,Random,49,7735.535000000002,77,39.41671152071983,65.59333333333507,0,0.8479482457688453,-0.19912202160930112,4,16,True,0.03782540000247536,0.03408609999678447
RouteID_693060a6-88bb-4324-9e9c-925d5240263c,NearestNeighbor,0.0,0.1,Random,50,7735.535000000002,77,39.41671152071983,25.66666666666879,0,0.3318020882417155,-0.051847637761594775,1,16,True,0.025531399998726556,0.03408609999678447
RouteID_693060a6-88bb-4324-9e9c-925d5240263c,NearestNeighbor,0.0,0.1,Random,51,7735.535000000002,77,39.41671152071983,0.0,0,0.0,0.0,0,16,True,0.03145360000053188,0.03408609999678447
RouteID_693060a6-88bb-4324-9e9c-925d5240263c,NearestNeighbor,0.0,0.2,Random,42,7735.535000000002,77,39.41671152071983,284.69500000000335,2,3.6803530718948756,-0.7670154442313272,3,33,True,0.06282090000240714,0.03408609999678447
RouteID_693060a6-88bb-4324-9e9c-925d5240263c,NearestNeighbor,0.0,0.2,Random,43,7735.535000000002,77,39.41671152071983,0.0,0,0.0,0.0,0,33,True,0.06174520000058692,0.03408609999678447
RouteID_693060a6-88bb-4324-9e9c-925d5240263c,NearestNeighbor,0.0,0.2,Random,44,7735.535000000002,77,39.41671152071983,92.14333333333434,0,1.1911694967876731,-0.17563841121979976,1,33,True,0.06053249999968102,0.03408609999678447
RouteID_693060a6-88bb-4324-9e9c-925d5240263c,NearestNeighbor,0.0,0.2,Random,45,7735.535000000002,77,39.41671152071983,146.1850000000004,0,1.889785257257583,-0.16304936422359972,5,33,True,0.06925459999911254,0.03408609999678447
RouteID_693060a6-88bb-4324-9e9c-925d5240263c,NearestNeighbor,0.0,0.2,Random,46,7735.535000000002,77,39.41671152071983,83.93000000000302,0,1.0849928285503587,-0.0164338357076284,3,33,True,0.055010500000207685,0.03408609999678447
RouteID_693060a6-88bb-4324-9e9c-925d5240263c,NearestNeighbor,0.0,0.2,Random,47,7735.535000000002,77,39.41671152071983,143.44666666667035,1,1.8543858526484633,-0.09458333283253595,4,33,True,0.06528959999923245,0.03408609999678447
RouteID_693060a6-88bb-4324-9e9c-925d5240263c,NearestNeighbor,0.0,0.2,Random,48,7735.535000000002,77,39.41671152071983,0.0,0,0.0,0.0,0,33,True,0.06368319999819505,0.03408609999678447
RouteID_693060a6-88bb-4324-9e9c-925d5240263c,NearestNeighbor,0.0,0.2,Random,49,7735.535000000002,77,39.41671152071983,65.59333333333507,0,0.8479482457688453,-0.19912202160930112,4,33,True,0.07763749999867287,0.03408609999678447
RouteID_693060a6-88bb-4324-9e9c-925d5240263c,NearestNeighbor,0.0,0.2,Random,50,7735.535000000002,77,39.41671152071983,55.05500000000302,1,0.7117154792784598,-0.08382923380697793,4,33,True,0.06237419999888516,0.03408609999678447
RouteID_693060a6-88bb-4324-9e9c-925d5240263c,NearestNeighbor,0.0,0.2,Random,51,7735.535000000002,77,39.41671152071983,0.0,0,0.0,0.0,0,33,True,0.057113399998343084,0.03408609999678447
RouteID_693060a6-88bb-4324-9e9c-925d5240263c,NearestNeighbor,0.0,0.3,Random,42,7735.535000000002,77,39.41671152071983,351.5700000000015,2,4.544869876485614,-0.3173948582021527,4,50,True,0.09632740000233753,0.03408609999678447
RouteID_693060a6-88bb-4324-9e9c-925d5240263c,NearestNeighbor,0.0,0.3,Random,43,7735.535000000002,77,39.41671152071983,6.470000000001164,0,0.0836399809450951,-0.14260475139091716,2,50,True,0.1011858999991091,0.03408609999678447
RouteID_693060a6-88bb-4324-9e9c-925d5240263c,NearestNeighbor,0.0,0.3,Random,44,7735.535000000002,77,39.41671152071983,92.14333333333434,0,1.1911694967876731,-0.17563841121979976,1,50,True,0.09009339999829535,0.03408609999678447
RouteID_693060a6-88bb-4324-9e9c-925d5240263c,NearestNeighbor,0.0,0.3,Random,45,7735.535000000002,77,39.41671152071983,146.1850000000004,0,1.889785257257583,-0.16304936422359972,5,50,True,0.11562060000142083,0.03408609999678447
RouteID_693060a6-88bb-4324-9e9c-925d5240263c,NearestNeighbor,0.0,0.3,Random,46,7735.535000000002,77,39.41671152071983,86.91666666666879,0,1.1236025260911982,-0.057931948209045826,5,50,True,0.08699360000173328,0.03408609999678447
RouteID_693060a6-88bb-4324-9e9c-925d5240263c,NearestNeighbor,0.0,0.3,Random,47,7735.535000000002,77,39.41671152071983,145.84666666667,1,1.8854115024580713,-0.09458333283253595,5,50,True,0.09830159999910393,0.03408609999678447
RouteID_693060a6-88bb-4324-9e9c-925d5240263c,NearestNeighbor,0.0,0.3,Random,48,7735.535000000002,77,39.41671152071983,24.62000000000262,0,0.31827145763030756,-0.4820940379230447,1,50,True,0.09114970000155154,0.03408609999678447
RouteID_693060a6-88bb-4324-9e9c-925d5240263c,NearestNeighbor,0.0,0.3,Random,49,7735.535000000002,77,39.41671152071983,68.08333333333576,0,0.8801373574463272,-0.20880931119883708,6,50,True,0.11660640000263811,0.03408609999678447
RouteID_693060a6-88bb-4324-9e9c-925d5240263c,NearestNeighbor,0.0,0.3,Random,50,7735.535000000002,77,39.41671152071983,55.64166666666915,1,0.7192995270096915,-0.12532734630839537,5,50,True,0.09912980000081006,0.03408609999678447
RouteID_693060a6-88bb-4324-9e9c-925d5240263c,NearestNeighbor,0.0,0.3,Random,51,7735.535000000002,77,39.41671152071983,0.0,0,0.0,0.0,0,50,True,0.08288230000107433,0.03408609999678447
RouteID_693060a6-88bb-4324-9e9c-925d5240263c,NearestNeighbor,0.02,0.05,Random,42,7735.535000000002,77,39.41671152071983,41.94500000000153,1,0.5422378671934329,0.824549663936365,1,8,True,0.030651400000351714,0.3552651000027254
RouteID_693060a6-88bb-4324-9e9c-925d5240263c,NearestNeighbor,0.02,0.05,Random,43,7735.535000000002,77,39.41671152071983,144.56166666666923,1,1.8687998524558314,1.739295888430958,4,8,True,0.029749000001174863,0.3552651000027254
RouteID_693060a6-88bb-4324-9e9c-925d5240263c,NearestNeighbor,0.02,0.05,Random,44,7735.535000000002,77,39.41671152071983,52.28500000000167,1,0.6759067084565148,1.8453162744606084,4,8,True,0.022775900000851834,0.3552651000027254
RouteID_693060a6-88bb-4324-9e9c-925d5240263c,NearestNeighbor,0.02,0.05,Random,45,7735.535000000002,77,39.41671152071983,168.2950000000019,1,2.1756090561286565,1.2127086981726678,4,8,True,0.02805409999928088,0.3552651000027254
RouteID_693060a6-88bb-4324-9e9c-925d5240263c,NearestNeighbor,0.02,0.05,Random,46,7735.535000000002,77,39.41671152071983,85.03666666666868,1,1.0992991004070003,1.1866089807703706,3,8,True,0.03536619999795221,0.3552651000027254
RouteID_693060a6-88bb-4324-9e9c-925d5240263c,NearestNeighbor,0.02,0.05,Random,47,7735.535000000002,77,39.41671152071983,142.60000000000127,0,1.8434406928544855,1.298867875659468,4,8,True,0.026243599997542333,0.3552651000027254
RouteID_693060a6-88bb-4324-9e9c-925d5240263c,NearestNeighbor,0.02,0.05,Random,48,7735.535000000002,77,39.41671152071983,112.29500000000189,1,1.4516772272377008,1.8680451747748814,3,8,True,0.04002250000121421,0.3552651000027254
RouteID_693060a6-88bb-4324-9e9c-925d5240263c,NearestNeighbor,0.02,0.05,Random,49,7735.535000000002,77,39.41671152071983,80.10833333333267,0,1.0355887903465326,1.6210951621209502,2,8,True,0.03937210000003688,0.3552651000027254
RouteID_693060a6-88bb-4324-9e9c-925d5240263c,NearestNeighbor,0.02,0.05,Random,50,7735.535000000002,77,39.41671152071983,93.16333333333205,1,1.2043553979567287,1.5050092168822577,4,8,True,0.03129540000009001,0.3552651000027254
RouteID_693060a6-88bb-4324-9e9c-925d5240263c,NearestNeighbor,0.02,0.05,Random,51,7735.535000000002,77,39.41671152071983,8.949999999999818,0,0.11569981908167717,0.5597794557453253,3,8,True,0.022466099999292055,0.3552651000027254
RouteID_693060a6-88bb-4324-9e9c-925d5240263c,NearestNeighbor,0.02,0.1,Random,42,7735.535000000002,77,39.41671152071983,236.70666666666693,1,3.059990894833607,1.840131706510674,3,16,True,0.055656599997746525,0.3552651000027254
RouteID_693060a6-88bb-4324-9e9c-925d5240263c,NearestNeighbor,0.02,0.1,Random,43,7735.535000000002,77,39.41671152071983,144.56166666666923,1,1.8687998524558314,1.739295888430958,4,16,True,0.0427769999987504,0.3552651000027254
RouteID_693060a6-88bb-4324-9e9c-925d5240263c,NearestNeighbor,0.02,0.1,Random,44,7735.535000000002,77,39.41671152071983,52.28500000000167,1,0.6759067084565148,1.8453162744606084,4,16,True,0.03759410000202479,0.3552651000027254
RouteID_693060a6-88bb-4324-9e9c-925d5240263c,NearestNeighbor,0.02,0.1,Random,45,7735.535000000002,77,39.41671152071983,192.61499999999978,1,2.490002307532701,1.8903954869115243,6,16,True,0.04055010000229231,0.3552651000027254
RouteID_693060a6-88bb-4324-9e9c-925d5240263c,NearestNeighbor,0.02,0.1,Random,46,7735.535000000002,77,39.41671152071983,85.5433333333358,1,1.1058489598112577,1.375172729836221,4,16,True,0.04349230000298121,0.3552651000027254
RouteID_693060a6-88bb-4324-9e9c-925d5240263c,NearestNeighbor,0.02,0.1,Random,47,7735.535000000002,77,39.41671152071983,142.60000000000127,0,1.8434406928544855,1.298867875659468,4,16,True,0.044666999998298706,0.3552651000027254
RouteID_693060a6-88bb-4324-9e9c-925d5240263c,NearestNeighbor,0.02,0.1,Random,48,7735.535000000002,77,39.41671152071983,112.29500000000189,1,1.4516772272377008,1.8680451747748814,3,16,True,0.05206180000095628,0.3552651000027254
RouteID_693060a6-88bb-4324-9e9c-925d5240263c,NearestNeighbor,0.02,0.1,Random,49,7735.535000000002,77,39.41671152071983,125.22833333333438,0,1.6188710067672676,1.873160831658087,5,16,True,0.05708980000053998,0.3552651000027254
RouteID_693060a6-88bb-4324-9e9c-925d5240263c,NearestNeighbor,0.02,0.1,Random,50,7735.535000000002,77,39.41671152071983,93.16333333333205,1,1.2043553979567287,1.5050092168822577,4,16,True,0.04415350000272156,0.3552651000027254
RouteID_693060a6-88bb-4324-9e9c-925d5240263c,NearestNeighbor,0.02,0.1,Random,51,7735.535000000002,77,39.41671152071983,68.23000000000229,1,0.882033369379135,1.9446736825626465,5,16,True,0.04965230000016163,0.3552651000027254
RouteID_693060a6-88bb-4324-9e9c-925d5240263c,NearestNeighbor,0.02,0.2,Random,42,7735.535000000002,77,39.41671152071983,514.7450000000017,2,6.654290879687075,1.1014796419247785,5,33,True,0.10615269999834709,0.3552651000027254
RouteID_693060a6-88bb-4324-9e9c-925d5240263c,NearestNeighbor,0.02,0.2,Random,43,7735.535000000002,77,39.41671152071983,144.56166666666923,1,1.8687998524558314,1.739295888430958,4,33,True,0.09156869999787887,0.3552651000027254
RouteID_693060a6-88bb-4324-9e9c-925d5240263c,NearestNeighbor,0.02,0.2,Random,44,7735.535000000002,77,39.41671152071983,180.97833333333438,1,2.3395709971363887,1.4456678178341467,7,33,True,0.09393660000205273,0.3552651000027254
RouteID_693060a6-88bb-4324-9e9c-925d5240263c,NearestNeighbor,0.02,0.2,Random,45,7735.535000000002,77,39.41671152071983,368.1833333333343,2,4.7596363190565905,1.8720444700302836,10,33,True,0.1175656000013987,0.3552651000027254
RouteID_693060a6-88bb-4324-9e9c-925d5240263c,NearestNeighbor,0.02,0.2,Random,46,7735.535000000002,77,39.41671152071983,180.7966666666689,1,2.3372225278105376,1.7078898115765315,8,33,True,0.11717320000025211,0.3552651000027254
RouteID_693060a6-88bb-4324-9e9c-925d5240263c,NearestNeighbor,0.02,0.2,Random,47,7735.535000000002,77,39.41671152071983,205.8733333333348,1,2.661397477140686,1.9365076529536123,6,33,True,0.11277909999989788,0.3552651000027254
RouteID_693060a6-88bb-4324-9e9c-925d5240263c,NearestNeighbor,0.02,0.2,Random,48,7735.535000000002,77,39.41671152071983,202.23166666666748,1,2.6143203626726197,1.9575130141194301,4,33,True,0.13837399999829358,0.3552651000027254
RouteID_693060a6-88bb-4324-9e9c-925d5240263c,NearestNeighbor,0.02,0.2,Random,49,7735.535000000002,77,39.41671152071983,175.95000000000255,0,2.2745679516672412,1.7811825898561224,6,33,True,0.12212110000109533,0.3552651000027254
RouteID_693060a6-88bb-4324-9e9c-925d5240263c,NearestNeighbor,0.02,0.2,Random,50,7735.535000000002,77,39.41671152071983,213.38000000000284,1,2.7584388151563246,1.75848682440948,8,33,True,0.1195114999973157,0.3552651000027254
RouteID_693060a6-88bb-4324-9e9c-925d5240263c,NearestNeighbor,0.02,0.2,Random,51,7735.535000000002,77,39.41671152071983,68.23000000000229,1,0.882033369379135,1.9446736825626465,5,33,True,0.1200390999983938,0.3552651000027254
RouteID_693060a6-88bb-4324-9e9c-925d5240263c,NearestNeighbor,0.02,0.3,Random,42,7735.535000000002,77,39.41671152071983,519.7049999999999,3,6.718410555960251,1.921681772272903,6,50,True,0.1443966000006185,0.3552651000027254
RouteID_693060a6-88bb-4324-9e9c-925d5240263c,NearestNeighbor,0.02,0.3,Random,43,7735.535000000002,77,39.41671152071983,234.5366666666705,1,3.0319385364641285,1.958700658188572,8,50,True,0.1477893999981461,0.3552651000027254
RouteID_693060a6-88bb-4324-9e9c-925d5240263c,NearestNeighbor,0.02,0.3,Random,44,7735.535000000002,77,39.41671152071983,196.13666666666813,1,2.5355281395103,1.873920169496907,8,50,True,0.14473259999795118,0.3552651000027254
RouteID_693060a6-88bb-4324-9e9c-925d5240263c,NearestNeighbor,0.02,0.3,Random,45,7735.535000000002,77,39.41671152071983,368.77000000000044,2,4.767220366787822,1.8305463575288843,11,50,True,0.16156939999928,0.3552651000027254
RouteID_693060a6-88bb-4324-9e9c-925d5240263c,NearestNeighbor,0.02,0.3,Random,46,7735.535000000002,77,39.41671152071983,184.925000000002,1,2.390590954601097,1.852695773713635,11,50,True,0.17208380000010948,0.3552651000027254
RouteID_693060a6-88bb-4324-9e9c-925d5240263c,NearestNeighbor,0.02,0.3,Random,47,7735.535000000002,77,39.41671152071983,208.27333333333445,1,2.6924231269502936,1.9365076529536123,7,50,True,0.15604549999989104,0.3552651000027254
RouteID_693060a6-88bb-4324-9e9c-925d5240263c,NearestNeighbor,0.02,0.3,Random,48,7735.535000000002,77,39.41671152071983,226.87833333333492,1,2.9329365497452327,1.4754189761963856,5,50,True,0.16012119999868446,0.3552651000027254
RouteID_693060a6-88bb-4324-9e9c-925d5240263c,NearestNeighbor,0.02,0.3,Random,49,7735.535000000002,77,39.41671152071983,178.35000000000218,0,2.3055936014768488,1.7811825898561224,7,50,True,0.1970737999981793,0.3552651000027254
RouteID_693060a6-88bb-4324-9e9c-925d5240263c,NearestNeighbor,0.02,0.3,Random,50,7735.535000000002,77,39.41671152071983,213.96666666666897,1,2.766022862887556,1.7169887119080807,9,50,True,0.15925020000213408,0.3552651000027254
RouteID_693060a6-88bb-4324-9e9c-925d5240263c,NearestNeighbor,0.02,0.3,Random,51,7735.535000000002,77,39.41671152071983,73.54500000000098,1,0.9507422563533223,1.9696579154670255,6,50,True,0.12000679999982822,0.3552651000027254
RouteID_693060a6-88bb-4324-9e9c-925d5240263c,NearestNeighbor,0.05,0.05,Random,42,7735.535000000002,77,39.41671152071983,41.94500000000153,1,0.5422378671934329,0.824549663936365,1,8,True,0.08744320000187145,1.425159899998107
RouteID_693060a6-88bb-4324-9e9c-925d5240263c,NearestNeighbor,0.05,0.05,Random,43,7735.535000000002,77,39.41671152071983,147.94000000000324,1,1.9124727636808985,2.1672942046958195,5,8,True,0.07584050000150455,1.425159899998107
RouteID_693060a6-88bb-4324-9e9c-925d5240263c,NearestNeighbor,0.05,0.05,Random,44,7735.535000000002,77,39.41671152071983,52.28500000000167,1,0.6759067084565148,1.8453162744606084,4,8,True,0.0537025999983598,1.425159899998107
RouteID_693060a6-88bb-4324-9e9c-925d5240263c,NearestNeighbor,0.05,0.05,Random,45,7735.535000000002,77,39.41671152071983,168.2950000000019,1,2.1756090561286565,1.2127086981726678,4,8,True,0.07152719999794499,1.425159899998107
RouteID_693060a6-88bb-4324-9e9c-925d5240263c,NearestNeighbor,0.05,0.05,Random,46,7735.535000000002,77,39.41671152071983,85.03666666666868,1,1.0992991004070003,1.1866089807703706,3,8,True,0.10428560000218567,1.425159899998107
RouteID_693060a6-88bb-4324-9e9c-925d5240263c,NearestNeighbor,0.05,0.05,Random,47,7735.535000000002,77,39.41671152071983,142.60000000000127,0,1.8434406928544855,1.298867875659468,4,8,True,0.05545239999992191,1.425159899998107
RouteID_693060a6-88bb-4324-9e9c-925d5240263c,NearestNeighbor,0.05,0.05,Random,48,7735.535000000002,77,39.41671152071983,112.29500000000189,1,1.4516772272377008,1.8680451747748814,3,8,True,0.10461770000256365,1.425159899998107
RouteID_693060a6-88bb-4324-9e9c-925d5240263c,NearestNeighbor,0.05,0.05,Random,49,7735.535000000002,77,39.41671152071983,89.75833333333503,0,1.1603377572893796,2.7262407456585533,2,8,True,0.10153039999931934,1.425159899998107
RouteID_693060a6-88bb-4324-9e9c-925d5240263c,NearestNeighbor,0.05,0.05,Random,50,7735.535000000002,77,39.41671152071983,93.16333333333205,1,1.2043553979567287,1.5050092168822577,4,8,True,0.09613059999901452,1.425159899998107
RouteID_693060a6-88bb-4324-9e9c-925d5240263c,NearestNeighbor,0.05,0.05,Random,51,7735.535000000002,77,39.41671152071983,8.949999999999818,0,0.11569981908167717,0.5597794557453253,3,8,True,0.05603580000024522,1.425159899998107
RouteID_693060a6-88bb-4324-9e9c-925d5240263c,NearestNeighbor,0.05,0.1,Random,42,7735.535000000002,77,39.41671152071983,236.70666666666693,1,3.059990894833607,1.840131706510674,3,16,True,0.18150919999970938,1.425159899998107
RouteID_693060a6-88bb-4324-9e9c-925d5240263c,NearestNeighbor,0.05,0.1,Random,43,7735.535000000002,77,39.41671152071983,147.94000000000324,1,1.9124727636808985,2.1672942046958195,5,16,True,0.12287799999830895,1.425159899998107
RouteID_693060a6-88bb-4324-9e9c-925d5240263c,NearestNeighbor,0.05,0.1,Random,44,7735.535000000002,77,39.41671152071983,71.2466666666669,1,0.9210308875425794,2.256289471572773,5,16,True,0.12163760000112234,1.425159899998107
RouteID_693060a6-88bb-4324-9e9c-925d5240263c,NearestNeighbor,0.05,0.1,Random,45,7735.535000000002,77,39.41671152071983,207.30833333333612,1,2.679948230256034,2.424047811364449,7,16,True,0.13852609999958077,1.425159899998107
RouteID_693060a6-88bb-4324-9e9c-925d5240263c,NearestNeighbor,0.05,0.1,Random,46,7735.535000000002,77,39.41671152071983,85.5433333333358,1,1.1058489598112577,1.375172729836221,4,16,True,0.15108510000209208,1.425159899998107
RouteID_693060a6-88bb-4324-9e9c-925d5240263c,NearestNeighbor,0.05,0.1,Random,47,7735.535000000002,77,39.41671152071983,197.12000000000262,1,2.548240037696198,2.0650612148104686,5,16,True,0.116726700001891,1.425159899998107
RouteID_693060a6-88bb-4324-9e9c-925d5240263c,NearestNeighbor,0.05,0.1,Random,48,7735.535000000002,77,39.41671152071983,130.9200000000019,1,1.69244919711438,2.2790183718870645,4,16,True,0.16464929999710876,1.425159899998107
RouteID_693060a6-88bb-4324-9e9c-925d5240263c,NearestNeighbor,0.05,0.1,Random,49,7735.535000000002,77,39.41671152071983,134.87833333333765,0,1.7436199737101266,2.97830641519569,5,16,True,0.1654329000011785,1.425159899998107
RouteID_693060a6-88bb-4324-9e9c-925d5240263c,NearestNeighbor,0.05,0.1,Random,50,7735.535000000002,77,39.41671152071983,93.16333333333205,1,1.2043553979567287,1.5050092168822577,4,16,True,0.1289017999988573,1.425159899998107
RouteID_693060a6-88bb-4324-9e9c-925d5240263c,NearestNeighbor,0.05,0.1,Random,51,7735.535000000002,77,39.41671152071983,107.53166666666857,1,1.3900999306016784,2.969720365106903,7,16,True,0.1589903999993112,1.425159899998107
RouteID_693060a6-88bb-4324-9e9c-925d5240263c,NearestNeighbor,0.05,0.2,Random,42,7735.535000000002,77,39.41671152071983,545.2900000000027,3,7.049156910284843,2.704170370446604,9,33,True,0.2699668000022939,1.425159899998107
RouteID_693060a6-88bb-4324-9e9c-925d5240263c,NearestNeighbor,0.05,0.2,Random,43,7735.535000000002,77,39.41671152071983,157.47833333333347,1,2.035778176083922,2.573823693577284,6,33,True,0.2644846000002872,1.425159899998107
RouteID_693060a6-88bb-4324-9e9c-925d5240263c,NearestNeighbor,0.05,0.2,Random,44,7735.535000000002,77,39.41671152071983,281.6350000000011,2,3.6407953683875913,4.440312289078305,11,33,True,0.2268257000032463,1.425159899998107
RouteID_693060a6-88bb-4324-9e9c-925d5240263c,NearestNeighbor,0.05,0.2,Random,45,7735.535000000002,77,39.41671152071983,553.4733333333352,2,7.154945757899552,4.919097518297406,15,33,True,0.23509959999864805,1.425159899998107
RouteID_693060a6-88bb-4324-9e9c-925d5240263c,NearestNeighbor,0.05,0.2,Random,46,7735.535000000002,77,39.41671152071983,185.9850000000015,1,2.404293949933669,2.528091941924656,9,33,True,0.24396010000054957,1.425159899998107
RouteID_693060a6-88bb-4324-9e9c-925d5240263c,NearestNeighbor,0.05,0.2,Random,47,7735.535000000002,77,39.41671152071983,289.045000000001,1,3.7365870621747677,2.480983445850517,7,33,True,0.22822770000129822,1.425159899998107
RouteID_693060a6-88bb-4324-9e9c-925d5240263c,NearestNeighbor,0.05,0.2,Random,48,7735.535000000002,77,39.41671152071983,389.4116666666696,2,5.034062500740666,4.168748283294762,10,33,True,0.2638994000008097,1.425159899998107
RouteID_693060a6-88bb-4324-9e9c-925d5240263c,NearestNeighbor,0.05,0.2,Random,49,7735.535000000002,77,39.41671152071983,253.1650000000027,1,3.2727535975210844,4.436196175543884,9,33,True,0.24293549999856623,1.425159899998107
RouteID_693060a6-88bb-4324-9e9c-925d5240263c,NearestNeighbor,0.05,0.2,Random,50,7735.535000000002,77,39.41671152071983,356.82500000000255,2,4.612803122214591,3.4726691786322506,9,33,True,0.2740557999968587,1.425159899998107
RouteID_693060a6-88bb-4324-9e9c-925d5240263c,NearestNeighbor,0.05,0.2,Random,51,7735.535000000002,77,39.41671152071983,108.23333333333449,1,1.3991706240529513,3.1599995986270315,8,33,True,0.1957737000011548,1.425159899998107
RouteID_693060a6-88bb-4324-9e9c-925d5240263c,NearestNeighbor,0.05,0.3,Random,42,7735.535000000002,77,39.41671152071983,619.6950000000015,3,8.011016691153248,3.973993086823903,11,50,True,0.29925860000003013,1.425159899998107
RouteID_693060a6-88bb-4324-9e9c-925d5240263c,NearestNeighbor,0.05,0.3,Random,43,7735.535000000002,77,39.41671152071983,328.3566666666684,1,4.244782896938199,4.968028260592258,11,50,True,0.28348840000035125,1.425159899998107
RouteID_693060a6-88bb-4324-9e9c-925d5240263c,NearestNeighbor,0.05,0.3,Random,44,7735.535000000002,77,39.41671152071983,298.33833333333496,2,3.856725272826442,4.868564640741047,12,50,True,0.2514453000003414,1.425159899998107
RouteID_693060a6-88bb-4324-9e9c-925d5240263c,NearestNeighbor,0.05,0.3,Random,45,7735.535000000002,77,39.41671152071983,569.6999999999998,2,7.364713623556737,4.914424879656655,16,50,True,0.2748697999995784,1.425159899998107
RouteID_693060a6-88bb-4324-9e9c-925d5240263c,NearestNeighbor,0.05,0.3,Random,46,7735.535000000002,77,39.41671152071983,361.5683333333336,2,4.674121871768837,4.399328340688453,15,50,True,0.26259140000183834,1.425159899998107
RouteID_693060a6-88bb-4324-9e9c-925d5240263c,NearestNeighbor,0.05,0.3,Random,47,7735.535000000002,77,39.41671152071983,358.3783333333349,1,4.632883612230245,4.9279576357587365,13,50,True,0.28194710000025225,1.425159899998107
RouteID_693060a6-88bb-4324-9e9c-925d5240263c,NearestNeighbor,0.05,0.3,Random,48,7735.535000000002,77,39.41671152071983,427.0400000000009,2,5.520497289457041,4.292573827362334,13,50,True,0.2693747000012081,1.425159899998107
RouteID_693060a6-88bb-4324-9e9c-925d5240263c,NearestNeighbor,0.05,0.3,Random,49,7735.535000000002,77,39.41671152071983,270.25833333333503,1,3.493725170053978,4.9698484999967905,11,50,True,0.26812649999919813,1.425159899998107
RouteID_693060a6-88bb-4324-9e9c-925d5240263c,NearestNeighbor,0.05,0.3,Random,50,7735.535000000002,77,39.41671152071983,414.5566666666691,1,5.359120819266787,4.7606532035365206,12,50,True,0.3254471000000194,1.425159899998107
RouteID_693060a6-88bb-4324-9e9c-925d5240263c,NearestNeighbor,0.05,0.3,Random,51,7735.535000000002,77,39.41671152071983,156.79833333333409,1,2.02698757530454,4.088557289562541,11,50,True,0.27695280000261846,1.425159899998107
RouteID_693060a6-88bb-4324-9e9c-925d5240263c,NearestNeighbor,0.1,0.05,Random,42,7735.535000000002,77,39.41671152071983,41.94500000000153,1,0.5422378671934329,0.824549663936365,1,8,True,0.1569625999982236,2.527502099997946
RouteID_693060a6-88bb-4324-9e9c-925d5240263c,NearestNeighbor,0.1,0.05,Random,43,7735.535000000002,77,39.41671152071983,147.94000000000324,1,1.9124727636808985,2.1672942046958195,5,8,True,0.18863090000013472,2.527502099997946
RouteID_693060a6-88bb-4324-9e9c-925d5240263c,NearestNeighbor,0.1,0.05,Random,44,7735.535000000002,77,39.41671152071983,52.28500000000167,1,0.6759067084565148,1.8453162744606084,4,8,True,0.11198280000098748,2.527502099997946
RouteID_693060a6-88bb-4324-9e9c-925d5240263c,NearestNeighbor,0.1,0.05,Random,45,7735.535000000002,77,39.41671152071983,168.2950000000019,1,2.1756090561286565,1.2127086981726678,4,8,True,0.15983570000025793,2.527502099997946
RouteID_693060a6-88bb-4324-9e9c-925d5240263c,NearestNeighbor,0.1,0.05,Random,46,7735.535000000002,77,39.41671152071983,85.03666666666868,1,1.0992991004070003,1.1866089807703706,3,8,True,0.15820740000344813,2.527502099997946
RouteID_693060a6-88bb-4324-9e9c-925d5240263c,NearestNeighbor,0.1,0.05,Random,47,7735.535000000002,77,39.41671152071983,142.60000000000127,0,1.8434406928544855,1.298867875659468,4,8,True,0.12604229999851668,2.527502099997946
RouteID_693060a6-88bb-4324-9e9c-925d5240263c,NearestNeighbor,0.1,0.05,Random,48,7735.535000000002,77,39.41671152071983,112.29500000000189,1,1.4516772272377008,1.8680451747748814,3,8,True,0.16586939999979222,2.527502099997946
RouteID_693060a6-88bb-4324-9e9c-925d5240263c,NearestNeighbor,0.1,0.05,Random,49,7735.535000000002,77,39.41671152071983,89.75833333333503,0,1.1603377572893796,2.7262407456585533,2,8,True,0.1551863000022422,2.527502099997946
RouteID_693060a6-88bb-4324-9e9c-925d5240263c,NearestNeighbor,0.1,0.05,Random,50,7735.535000000002,77,39.41671152071983,93.16333333333205,1,1.2043553979567287,1.5050092168822577,4,8,True,0.14318920000005164,2.527502099997946
RouteID_693060a6-88bb-4324-9e9c-925d5240263c,NearestNeighbor,0.1,0.05,Random,51,7735.535000000002,77,39.41671152071983,8.949999999999818,0,0.11569981908167717,0.5597794557453253,3,8,True,0.11816390000240062,2.527502099997946
RouteID_693060a6-88bb-4324-9e9c-925d5240263c,NearestNeighbor,0.1,0.1,Random,42,7735.535000000002,77,39.41671152071983,236.70666666666693,1,3.059990894833607,1.840131706510674,3,16,True,0.3314234999998007,2.527502099997946
RouteID_693060a6-88bb-4324-9e9c-925d5240263c,NearestNeighbor,0.1,0.1,Random,43,7735.535000000002,77,39.41671152071983,147.94000000000324,1,1.9124727636808985,2.1672942046958195,5,16,True,0.3665075999997498,2.527502099997946
RouteID_693060a6-88bb-4324-9e9c-925d5240263c,NearestNeighbor,0.1,0.1,Random,44,7735.535000000002,77,39.41671152071983,71.2466666666669,1,0.9210308875425794,2.256289471572773,5,16,True,0.2563786999999138,2.527502099997946
RouteID_693060a6-88bb-4324-9e9c-925d5240263c,NearestNeighbor,0.1,0.1,Random,45,7735.535000000002,77,39.41671152071983,207.30833333333612,1,2.679948230256034,2.424047811364449,7,16,True,0.25274809999973513,2.527502099997946
RouteID_693060a6-88bb-4324-9e9c-925d5240263c,NearestNeighbor,0.1,0.1,Random,46,7735.535000000002,77,39.41671152071983,85.5433333333358,1,1.1058489598112577,1.375172729836221,4,16,True,0.3133218000002671,2.527502099997946
RouteID_693060a6-88bb-4324-9e9c-925d5240263c,NearestNeighbor,0.1,0.1,Random,47,7735.535000000002,77,39.41671152071983,197.12000000000262,1,2.548240037696198,2.0650612148104686,5,16,True,0.19684699999925215,2.527502099997946
RouteID_693060a6-88bb-4324-9e9c-925d5240263c,NearestNeighbor,0.1,0.1,Random,48,7735.535000000002,77,39.41671152071983,130.9200000000019,1,1.69244919711438,2.2790183718870645,4,16,True,0.2345935000012105,2.527502099997946
RouteID_693060a6-88bb-4324-9e9c-925d5240263c,NearestNeighbor,0.1,0.1,Random,49,7735.535000000002,77,39.41671152071983,134.87833333333765,0,1.7436199737101266,2.97830641519569,5,16,True,0.26479509999990114,2.527502099997946
RouteID_693060a6-88bb-4324-9e9c-925d5240263c,NearestNeighbor,0.1,0.1,Random,50,7735.535000000002,77,39.41671152071983,93.16333333333205,1,1.2043553979567287,1.5050092168822577,4,16,True,0.19132650000028661,2.527502099997946
RouteID_693060a6-88bb-4324-9e9c-925d5240263c,NearestNeighbor,0.1,0.1,Random,51,7735.535000000002,77,39.41671152071983,107.53166666666857,1,1.3900999306016784,2.969720365106903,7,16,True,0.25787270000000717,2.527502099997946
RouteID_693060a6-88bb-4324-9e9c-925d5240263c,NearestNeighbor,0.1,0.2,Random,42,7735.535000000002,77,39.41671152071983,555.835000000001,3,7.185475859135804,5.1987809311754365,9,33,True,0.5202970999998797,2.527502099997946
RouteID_693060a6-88bb-4324-9e9c-925d5240263c,NearestNeighbor,0.1,0.2,Random,43,7735.535000000002,77,39.41671152071983,157.47833333333347,1,2.035778176083922,2.573823693577284,6,33,True,0.5066182999980811,2.527502099997946
RouteID_693060a6-88bb-4324-9e9c-925d5240263c,NearestNeighbor,0.1,0.2,Random,44,7735.535000000002,77,39.41671152071983,292.2950000000037,2,3.778600962958653,5.539230815366995,11,33,True,0.3813432999995712,2.527502099997946
RouteID_693060a6-88bb-4324-9e9c-925d5240263c,NearestNeighbor,0.1,0.2,Random,45,7735.535000000002,77,39.41671152071983,553.4733333333352,2,7.154945757899552,4.919097518297406,15,33,True,0.45016029999897,2.527502099997946
RouteID_693060a6-88bb-4324-9e9c-925d5240263c,NearestNeighbor,0.1,0.2,Random,46,7735.535000000002,77,39.41671152071983,185.9850000000015,1,2.404293949933669,2.528091941924656,9,33,True,0.4201508999976795,2.527502099997946
RouteID_693060a6-88bb-4324-9e9c-925d5240263c,NearestNeighbor,0.1,0.2,Random,47,7735.535000000002,77,39.41671152071983,289.045000000001,1,3.7365870621747677,2.480983445850517,7,33,True,0.5616681999999855,2.527502099997946
RouteID_693060a6-88bb-4324-9e9c-925d5240263c,NearestNeighbor,0.1,0.2,Random,48,7735.535000000002,77,39.41671152071983,389.4116666666696,2,5.034062500740666,4.168748283294762,10,33,True,0.49546059999920544,2.527502099997946
RouteID_693060a6-88bb-4324-9e9c-925d5240263c,NearestNeighbor,0.1,0.2,Random,49,7735.535000000002,77,39.41671152071983,253.1650000000027,1,3.2727535975210844,4.436196175543884,9,33,True,0.6185284000021056,2.527502099997946
RouteID_693060a6-88bb-4324-9e9c-925d5240263c,NearestNeighbor,0.1,0.2,Random,50,7735.535000000002,77,39.41671152071983,356.82500000000255,2,4.612803122214591,3.4726691786322506,9,33,True,0.5216037999998662,2.527502099997946
RouteID_693060a6-88bb-4324-9e9c-925d5240263c,NearestNeighbor,0.1,0.2,Random,51,7735.535000000002,77,39.41671152071983,108.23333333333449,1,1.3991706240529513,3.1599995986270315,8,33,True,0.4327004000006127,2.527502099997946
RouteID_693060a6-88bb-4324-9e9c-925d5240263c,NearestNeighbor,0.1,0.3,Random,42,7735.535000000002,77,39.41671152071983,629.9066666666695,3,8.143026521975136,6.468603647552736,11,50,True,0.7934223000011116,2.527502099997946
RouteID_693060a6-88bb-4324-9e9c-925d5240263c,NearestNeighbor,0.1,0.3,Random,43,7735.535000000002,77,39.41671152071983,422.0516666666672,1,5.456011338151364,8.416182410594903,12,50,True,0.6184890000004089,2.527502099997946
RouteID_693060a6-88bb-4324-9e9c-925d5240263c,NearestNeighbor,0.1,0.3,Random,44,7735.535000000002,77,39.41671152071983,310.2950000000028,2,4.011293336530734,6.337837615865094,13,50,True,0.6522155000020575,2.527502099997946
RouteID_693060a6-88bb-4324-9e9c-925d5240263c,NearestNeighbor,0.1,0.3,Random,45,7735.535000000002,77,39.41671152071983,676.880000000001,3,8.750267434637692,7.2105840996224915,20,50,True,0.5694875000008324,2.527502099997946
RouteID_693060a6-88bb-4324-9e9c-925d5240263c,NearestNeighbor,0.1,0.3,Random,46,7735.535000000002,77,39.41671152071983,361.5683333333336,2,4.674121871768837,4.399328340688453,15,50,True,0.7006808000005549,2.527502099997946
RouteID_693060a6-88bb-4324-9e9c-925d5240263c,NearestNeighbor,0.1,0.3,Random,47,7735.535000000002,77,39.41671152071983,366.7416666666668,1,4.740999383580666,7.492410115892996,13,50,True,0.6399599000033049,2.527502099997946
RouteID_693060a6-88bb-4324-9e9c-925d5240263c,NearestNeighbor,0.1,0.3,Random,48,7735.535000000002,77,39.41671152071983,427.0400000000009,2,5.520497289457041,4.292573827362334,13,50,True,0.6216219999987516,2.527502099997946
RouteID_693060a6-88bb-4324-9e9c-925d5240263c,NearestNeighbor,0.1,0.3,Random,49,7735.535000000002,77,39.41671152071983,345.63333333333594,1,4.468124484387129,6.242126801426267,14,50,True,0.6466099999997823,2.527502099997946
RouteID_693060a6-88bb-4324-9e9c-925d5240263c,NearestNeighbor,0.1,0.3,Random,50,7735.535000000002,77,39.41671152071983,424.76833333333616,1,5.491130650088663,7.255263764265371,12,50,True,0.6225398999995377,2.527502099997946
RouteID_693060a6-88bb-4324-9e9c-925d5240263c,NearestNeighbor,0.1,0.3,Random,51,7735.535000000002,77,39.41671152071983,156.79833333333409,1,2.02698757530454,4.088557289562541,11,50,True,0.5731641999991552,2.527502099997946
RouteID_7f5d87f0-c39f-434f-bf3f-b159ef321909,NearestNeighbor,0.0,0.05,Random,42,13805.556666666664,94,47.157671435799855,0.0,0,0.0,0.0,0,9,True,0.03357990000222344,0.033411500000511296
RouteID_7f5d87f0-c39f-434f-bf3f-b159ef321909,NearestNeighbor,0.0,0.05,Random,43,13805.556666666664,94,47.157671435799855,0.0,0,0.0,0.0,0,9,True,0.04660629999852972,0.033411500000511296
RouteID_7f5d87f0-c39f-434f-bf3f-b159ef321909,NearestNeighbor,0.0,0.05,Random,44,13805.556666666664,94,47.157671435799855,0.0,0,0.0,0.0,0,9,True,0.030474600000161445,0.033411500000511296
RouteID_7f5d87f0-c39f-434f-bf3f-b159ef321909,NearestNeighbor,0.0,0.05,Random,45,13805.556666666664,94,47.157671435799855,0.0,0,0.0,0.0,0,9,True,0.022371000002749497,0.033411500000511296
RouteID_7f5d87f0-c39f-434f-bf3f-b159ef321909,NearestNeighbor,0.0,0.05,Random,46,13805.556666666664,94,47.157671435799855,0.0,0,0.0,0.0,0,9,True,0.02122120000058203,0.033411500000511296
RouteID_7f5d87f0-c39f-434f-bf3f-b159ef321909,NearestNeighbor,0.0,0.05,Random,47,13805.556666666664,94,47.157671435799855,99.63999999999578,0,0.7217383724958751,-0.05038220651142081,2,9,True,0.026385599998320686,0.033411500000511296
RouteID_7f5d87f0-c39f-434f-bf3f-b159ef321909,NearestNeighbor,0.0,0.05,Random,48,13805.556666666664,94,47.157671435799855,0.0,0,0.0,0.0,0,9,True,0.019354500000190455,0.033411500000511296
RouteID_7f5d87f0-c39f-434f-bf3f-b159ef321909,NearestNeighbor,0.0,0.05,Random,49,13805.556666666664,94,47.157671435799855,77.23666666666395,0,0.5594607195604859,-0.04706176312453258,1,9,True,0.019040600000153063,0.033411500000511296
RouteID_7f5d87f0-c39f-434f-bf3f-b159ef321909,NearestNeighbor,0.0,0.05,Random,50,13805.556666666664,94,47.157671435799855,0.0,0,0.0,0.0,0,9,True,0.03548389999923529,0.033411500000511296
RouteID_7f5d87f0-c39f-434f-bf3f-b159ef321909,NearestNeighbor,0.0,0.05,Random,51,13805.556666666664,94,47.157671435799855,31.33333333333394,0,0.22696175235720747,-0.05105296368379214,1,9,True,0.024370499999349704,0.033411500000511296
RouteID_7f5d87f0-c39f-434f-bf3f-b159ef321909,NearestNeighbor,0.0,0.1,Random,42,13805.556666666664,94,47.157671435799855,0.0,0,0.0,0.0,0,18,True,0.052690399999846704,0.033411500000511296
RouteID_7f5d87f0-c39f-434f-bf3f-b159ef321909,NearestNeighbor,0.0,0.1,Random,43,13805.556666666664,94,47.157671435799855,0.0,0,0.0,0.0,0,18,True,0.06430340000224533,0.033411500000511296
RouteID_7f5d87f0-c39f-434f-bf3f-b159ef321909,NearestNeighbor,0.0,0.1,Random,44,13805.556666666664,94,47.157671435799855,0.0,0,0.0,0.0,0,18,True,0.051521299999876646,0.033411500000511296
RouteID_7f5d87f0-c39f-434f-bf3f-b159ef321909,NearestNeighbor,0.0,0.1,Random,45,13805.556666666664,94,47.157671435799855,20.766666666662786,0,0.15042252310479903,-0.10489900366744079,1,18,True,0.05504139999902691,0.033411500000511296
RouteID_7f5d87f0-c39f-434f-bf3f-b159ef321909,NearestNeighbor,0.0,0.1,Random,46,13805.556666666664,94,47.157671435799855,0.0,0,0.0,0.0,0,18,True,0.06886220000160392,0.033411500000511296
RouteID_7f5d87f0-c39f-434f-bf3f-b159ef321909,NearestNeighbor,0.0,0.1,Random,47,13805.556666666664,94,47.157671435799855,99.63999999999578,0,0.7217383724958751,-0.05038220651142081,2,18,True,0.05164140000124462,0.033411500000511296
RouteID_7f5d87f0-c39f-434f-bf3f-b159ef321909,NearestNeighbor,0.0,0.1,Random,48,13805.556666666664,94,47.157671435799855,0.0,0,0.0,0.0,0,18,True,0.060887100000400096,0.033411500000511296
RouteID_7f5d87f0-c39f-434f-bf3f-b159ef321909,NearestNeighbor,0.0,0.1,Random,49,13805.556666666664,94,47.157671435799855,99.63999999999578,0,0.7217383724958751,-0.05038220651142081,2,18,True,0.0499692999983381,0.033411500000511296
RouteID_7f5d87f0-c39f-434f-bf3f-b159ef321909,NearestNeighbor,0.0,0.1,Random,50,13805.556666666664,94,47.157671435799855,75.19166666666024,0,0.5446478434890607,-0.17585723336213924,1,18,True,0.04806930000268039,0.033411500000511296
RouteID_7f5d87f0-c39f-434f-bf3f-b159ef321909,NearestNeighbor,0.0,0.1,Random,51,13805.556666666664,94,47.157671435799855,31.33333333333394,0,0.22696175235720747,-0.05105296368379214,1,18,True,0.07355059999827063,0.033411500000511296
RouteID_7f5d87f0-c39f-434f-bf3f-b159ef321909,NearestNeighbor,0.0,0.2,Random,42,13805.556666666664,94,47.157671435799855,0.0,0,0.0,0.0,0,36,True,0.08006899999963935,0.033411500000511296
RouteID_7f5d87f0-c39f-434f-bf3f-b159ef321909,NearestNeighbor,0.0,0.2,Random,43,13805.556666666664,94,47.157671435799855,22.403333333326373,0,0.1622776529353498,-0.0033204433868731613,1,36,True,0.08529759999873932,0.033411500000511296
RouteID_7f5d87f0-c39f-434f-bf3f-b159ef321909,NearestNeighbor,0.0,0.2,Random,44,13805.556666666664,94,47.157671435799855,468.776666666663,0,3.39556511906918,-1.9481747333328086,3,36,True,0.11300680000204011,0.033411500000511296
RouteID_7f5d87f0-c39f-434f-bf3f-b159ef321909,NearestNeighbor,0.0,0.2,Random,45,13805.556666666664,94,47.157671435799855,20.766666666662786,0,0.15042252310479903,-0.10489900366744079,1,36,True,0.11973089999810327,0.033411500000511296
RouteID_7f5d87f0-c39f-434f-bf3f-b159ef321909,NearestNeighbor,0.0,0.2,Random,46,13805.556666666664,94,47.157671435799855,0.0,0,0.0,0.0,0,36,True,0.10781560000032187,0.033411500000511296
RouteID_7f5d87f0-c39f-434f-bf3f-b159ef321909,NearestNeighbor,0.0,0.2,Random,47,13805.556666666664,94,47.157671435799855,532.924999999992,-1,3.860221017285978,-2.6849408705985995,6,36,True,0.09679999999934807,0.033411500000511296
RouteID_7f5d87f0-c39f-434f-bf3f-b159ef321909,NearestNeighbor,0.0,0.2,Random,48,13805.556666666664,94,47.157671435799855,25.38000000000102,0,0.18383901940934186,-0.02337331190788189,1,36,True,0.14401820000057342,0.033411500000511296
RouteID_7f5d87f0-c39f-434f-bf3f-b159ef321909,NearestNeighbor,0.0,0.2,Random,49,13805.556666666664,94,47.157671435799855,436.894999999995,0,3.164631536045716,-2.0644091083490714,6,36,True,0.10435510000024806,0.033411500000511296
RouteID_7f5d87f0-c39f-434f-bf3f-b159ef321909,NearestNeighbor,0.0,0.2,Random,50,13805.556666666664,94,47.157671435799855,197.3916666666646,0,1.4297986776821843,-0.032321508494502875,2,36,True,0.13347710000016377,0.033411500000511296
RouteID_7f5d87f0-c39f-434f-bf3f-b159ef321909,NearestNeighbor,0.0,0.2,Random,51,13805.556666666664,94,47.157671435799855,31.33333333333394,0,0.22696175235720747,-0.05105296368379214,1,36,True,0.08132100000148057,0.033411500000511296
RouteID_7f5d87f0-c39f-434f-bf3f-b159ef321909,NearestNeighbor,0.0,0.3,Random,42,13805.556666666664,94,47.157671435799855,291.95499999999265,-1,2.1147644173227302,-2.4283924339468963,2,54,True,0.1612795000000915,0.033411500000511296
RouteID_7f5d87f0-c39f-434f-bf3f-b159ef321909,NearestNeighbor,0.0,0.3,Random,43,13805.556666666664,94,47.157671435799855,70.22333333333336,0,0.5086599188201275,-0.05789529938886134,3,54,True,0.1542821000002732,0.033411500000511296
RouteID_7f5d87f0-c39f-434f-bf3f-b159ef321909,NearestNeighbor,0.0,0.3,Random,44,13805.556666666664,94,47.157671435799855,862.1233333333275,1,6.244756036639313,-0.22866087209768202,8,54,True,0.2401653000015358,0.033411500000511296
RouteID_7f5d87f0-c39f-434f-bf3f-b159ef321909,NearestNeighbor,0.0,0.3,Random,45,13805.556666666664,94,47.157671435799855,817.989999999998,1,5.925077993957492,-0.4180456730491799,8,54,True,0.21266040000045905,0.033411500000511296
RouteID_7f5d87f0-c39f-434f-bf3f-b159ef321909,NearestNeighbor,0.0,0.3,Random,46,13805.556666666664,94,47.157671435799855,46.14666666666744,0,0.33426154251416723,-0.12827231557532268,2,54,True,0.1314364999998361,0.033411500000511296
RouteID_7f5d87f0-c39f-434f-bf3f-b159ef321909,NearestNeighbor,0.0,0.3,Random,47,13805.556666666664,94,47.157671435799855,923.2183333333287,1,6.687295236434959,-1.4597465145139397,8,54,True,0.22477170000274782,0.033411500000511296
RouteID_7f5d87f0-c39f-434f-bf3f-b159ef321909,NearestNeighbor,0.0,0.3,Random,48,13805.556666666664,94,47.157671435799855,25.536666666661404,0,0.18497382817108238,-0.016843780612030877,2,54,True,0.15223899999909918,0.033411500000511296
RouteID_7f5d87f0-c39f-434f-bf3f-b159ef321909,NearestNeighbor,0.0,0.3,Random,49,13805.556666666664,94,47.157671435799855,793.6716666666653,1,5.748929114774308,-0.9083689032997946,10,54,True,0.1962110999993456,0.033411500000511296
RouteID_7f5d87f0-c39f-434f-bf3f-b159ef321909,NearestNeighbor,0.0,0.3,Random,50,13805.556666666664,94,47.157671435799855,694.9033333333355,1,5.033504625070067,-2.3129435442783186,8,54,True,0.2719986999982211,0.033411500000511296
RouteID_7f5d87f0-c39f-434f-bf3f-b159ef321909,NearestNeighbor,0.0,0.3,Random,51,13805.556666666664,94,47.157671435799855,31.489999999994325,0,0.228096561118948,-0.044523432387941125,2,54,True,0.150801899999351,0.033411500000511296
RouteID_7f5d87f0-c39f-434f-bf3f-b159ef321909,NearestNeighbor,0.02,0.05,Random,42,13805.556666666664,94,47.157671435799855,283.44666666666853,0,2.0531346436109077,0.26324784586701877,2,9,True,0.049087600000348175,0.5111466000016662
RouteID_7f5d87f0-c39f-434f-bf3f-b159ef321909,NearestNeighbor,0.02,0.05,Random,43,13805.556666666664,94,47.157671435799855,59.784999999998035,0,0.43305026695771087,1.986587313706295,2,9,True,0.047771400000783615,0.5111466000016662
RouteID_7f5d87f0-c39f-434f-bf3f-b159ef321909,NearestNeighbor,0.02,0.05,Random,44,13805.556666666664,94,47.157671435799855,86.68333333333067,0,0.6278872734094558,0.3858083795547925,2,9,True,0.05012149999674875,0.5111466000016662
RouteID_7f5d87f0-c39f-434f-bf3f-b159ef321909,NearestNeighbor,0.02,0.05,Random,45,13805.556666666664,94,47.157671435799855,0.9233333333322662,0,0.006688128234348148,0.24756295507774884,1,9,True,0.045127000001230044,0.5111466000016662
RouteID_7f5d87f0-c39f-434f-bf3f-b159ef321909,NearestNeighbor,0.02,0.05,Random,46,13805.556666666664,94,47.157671435799855,133.42999999999665,0,0.9664948920325803,0.23505807040060805,2,9,True,0.03178769999794895,0.5111466000016662
RouteID_7f5d87f0-c39f-434f-bf3f-b159ef321909,NearestNeighbor,0.02,0.05,Random,47,13805.556666666664,94,47.157671435799855,142.25333333333037,0,1.0304063557016805,0.31319593872281276,2,9,True,0.0363020000004326,0.5111466000016662
RouteID_7f5d87f0-c39f-434f-bf3f-b159ef321909,NearestNeighbor,0.02,0.05,Random,48,13805.556666666664,94,47.157671435799855,102.89333333332797,0,0.7453037629533807,0.7829389419818965,2,9,True,0.030143899999529822,0.5111466000016662
RouteID_7f5d87f0-c39f-434f-bf3f-b159ef321909,NearestNeighbor,0.02,0.05,Random,49,13805.556666666664,94,47.157671435799855,151.18333333332885,0,1.0950904551234724,0.4383919683364889,2,9,True,0.03402300000016112,0.5111466000016662
RouteID_7f5d87f0-c39f-434f-bf3f-b159ef321909,NearestNeighbor,0.02,0.05,Random,50,13805.556666666664,94,47.157671435799855,4.843333333332339,-1,0.035082492146271106,1.6362199811047324,1,9,True,0.028848900001321454,0.5111466000016662
RouteID_7f5d87f0-c39f-434f-bf3f-b159ef321909,NearestNeighbor,0.02,0.05,Random,51,13805.556666666664,94,47.157671435799855,31.33333333333394,0,0.22696175235720747,-0.05105296368379214,1,9,True,0.04674510000040755,0.5111466000016662
RouteID_7f5d87f0-c39f-434f-bf3f-b159ef321909,NearestNeighbor,0.02,0.1,Random,42,13805.556666666664,94,47.157671435799855,307.0716666666631,0,2.2242613904014723,0.9479963190596281,4,18,True,0.08088589999897522,0.5111466000016662
RouteID_7f5d87f0-c39f-434f-bf3f-b159ef321909,NearestNeighbor,0.02,0.1,Random,43,13805.556666666664,94,47.157671435799855,59.784999999998035,0,0.43305026695771087,1.986587313706295,2,18,True,0.06729900000209454,0.5111466000016662
RouteID_7f5d87f0-c39f-434f-bf3f-b159ef321909,NearestNeighbor,0.02,0.1,Random,44,13805.556666666664,94,47.157671435799855,168.5399999999936,0,1.2208127790089858,1.8727121632745067,5,18,True,0.07470259999900009,0.5111466000016662
RouteID_7f5d87f0-c39f-434f-bf3f-b159ef321909,NearestNeighbor,0.02,0.1,Random,45,13805.556666666664,94,47.157671435799855,63.076666666664096,0,0.4568933233888488,1.6685189096898891,5,18,True,0.08369569999922533,0.5111466000016662
RouteID_7f5d87f0-c39f-434f-bf3f-b159ef321909,NearestNeighbor,0.02,0.1,Random,46,13805.556666666664,94,47.157671435799855,144.23999999999432,0,1.0447966965957984,0.2566979218775057,3,18,True,0.08391169999958947,0.5111466000016662
RouteID_7f5d87f0-c39f-434f-bf3f-b159ef321909,NearestNeighbor,0.02,0.1,Random,47,13805.556666666664,94,47.157671435799855,218.23999999999614,0,1.5808127500351636,1.6856476119304675,4,18,True,0.07516620000023977,0.5111466000016662
RouteID_7f5d87f0-c39f-434f-bf3f-b159ef321909,NearestNeighbor,0.02,0.1,Random,48,13805.556666666664,94,47.157671435799855,147.38666666666177,0,1.0675894513006126,1.1858345822165124,3,18,True,0.0849709999965853,0.5111466000016662
RouteID_7f5d87f0-c39f-434f-bf3f-b159ef321909,NearestNeighbor,0.02,0.1,Random,49,13805.556666666664,94,47.157671435799855,287.7649999999994,0,2.0844143191618216,1.6977614464894537,6,18,True,0.06784749999860651,0.5111466000016662
RouteID_7f5d87f0-c39f-434f-bf3f-b159ef321909,NearestNeighbor,0.02,0.1,Random,50,13805.556666666664,94,47.157671435799855,106.52999999999702,0,0.7716458131471968,1.9666756453486287,2,18,True,0.05835270000170567,0.5111466000016662
RouteID_7f5d87f0-c39f-434f-bf3f-b159ef321909,NearestNeighbor,0.02,0.1,Random,51,13805.556666666664,94,47.157671435799855,239.72166666666635,0,1.7364143471698696,0.932537746051893,3,18,True,0.09361290000015288,0.5111466000016662
RouteID_7f5d87f0-c39f-434f-bf3f-b159ef321909,NearestNeighbor,0.02,0.2,Random,42,13805.556666666664,94,47.157671435799855,405.48999999999796,1,2.9371506690421856,1.5351370391488235,7,36,True,0.13349320000270382,0.5111466000016662
RouteID_7f5d87f0-c39f-434f-bf3f-b159ef321909,NearestNeighbor,0.02,0.2,Random,43,13805.556666666664,94,47.157671435799855,82.34499999999207,0,0.5964627286548538,1.989796401615273,4,36,True,0.11000579999745241,0.5111466000016662
RouteID_7f5d87f0-c39f-434f-bf3f-b159ef321909,NearestNeighbor,0.02,0.2,Random,44,13805.556666666664,94,47.157671435799855,603.6633333333339,0,4.372611318099698,0.030776303489139442,8,36,True,0.14112499999828287,0.5111466000016662
RouteID_7f5d87f0-c39f-434f-bf3f-b159ef321909,NearestNeighbor,0.02,0.2,Random,45,13805.556666666664,94,47.157671435799855,167.55333333333147,0,1.2136658982964939,1.9965003098971252,7,36,True,0.168449500000861,0.5111466000016662
RouteID_7f5d87f0-c39f-434f-bf3f-b159ef321909,NearestNeighbor,0.02,0.2,Random,46,13805.556666666664,94,47.157671435799855,214.29999999999563,0,1.5522735169196051,0.9367619717733441,6,36,True,0.18129220000264468,0.5111466000016662
RouteID_7f5d87f0-c39f-434f-bf3f-b159ef321909,NearestNeighbor,0.02,0.2,Random,47,13805.556666666664,94,47.157671435799855,1008.1533333333282,0,7.302518526960244,-3.7089895917675753,10,36,True,0.2205571999984386,0.5111466000016662
RouteID_7f5d87f0-c39f-434f-bf3f-b159ef321909,NearestNeighbor,0.02,0.2,Random,48,13805.556666666664,94,47.157671435799855,172.92333333333227,0,1.2525632794717607,1.5082594625906016,5,36,True,0.13934010000230046,0.5111466000016662
RouteID_7f5d87f0-c39f-434f-bf3f-b159ef321909,NearestNeighbor,0.02,0.2,Random,49,13805.556666666664,94,47.157671435799855,672.5966666666664,0,4.871927173285538,-0.04893384116722283,11,36,True,0.12969090000115102,0.5111466000016662
RouteID_7f5d87f0-c39f-434f-bf3f-b159ef321909,NearestNeighbor,0.02,0.2,Random,50,13805.556666666664,94,47.157671435799855,106.52999999999702,0,0.7716458131471968,1.9666756453486287,2,36,True,0.10957309999866993,0.5111466000016662
RouteID_7f5d87f0-c39f-434f-bf3f-b159ef321909,NearestNeighbor,0.02,0.2,Random,51,13805.556666666664,94,47.157671435799855,319.2316666666611,1,2.3123418662098705,1.4612887092783193,5,36,True,0.1781383999987156,0.5111466000016662
RouteID_7f5d87f0-c39f-434f-bf3f-b159ef321909,NearestNeighbor,0.02,0.3,Random,42,13805.556666666664,94,47.157671435799855,967.1699999999964,1,7.0056573838504885,-0.20155998529056188,10,54,True,0.18717259999903035,0.5111466000016662
RouteID_7f5d87f0-c39f-434f-bf3f-b159ef321909,NearestNeighbor,0.02,0.3,Random,43,13805.556666666664,94,47.157671435799855,203.06166666666286,0,1.4708690969119167,1.9179390993437244,8,54,True,0.16507959999944433,0.5111466000016662
RouteID_7f5d87f0-c39f-434f-bf3f-b159ef321909,NearestNeighbor,0.02,0.3,Random,44,13805.556666666664,94,47.157671435799855,1018.5433333333294,2,7.377778078247211,1.6440512911768248,13,54,True,0.2595557999993616,0.5111466000016662
RouteID_7f5d87f0-c39f-434f-bf3f-b159ef321909,NearestNeighbor,0.02,0.3,Random,45,13805.556666666664,94,47.157671435799855,945.6666666666679,1,6.849898845078574,1.8959259618565403,13,54,True,0.25723389999984647,0.5111466000016662
RouteID_7f5d87f0-c39f-434f-bf3f-b159ef321909,NearestNeighbor,0.02,0.3,Random,46,13805.556666666664,94,47.157671435799855,595.8333333333303,2,4.315895024877643,1.6969185311146968,10,54,True,0.2937326999999641,0.5111466000016662
RouteID_7f5d87f0-c39f-434f-bf3f-b159ef321909,NearestNeighbor,0.02,0.3,Random,47,13805.556666666664,94,47.157671435799855,1244.073333333332,1,9.011395653006378,0.669778329043757,14,54,True,0.4126094999992347,0.5111466000016662
RouteID_7f5d87f0-c39f-434f-bf3f-b159ef321909,NearestNeighbor,0.02,0.3,Random,48,13805.556666666664,94,47.157671435799855,277.52666666666664,0,2.010253359335746,1.6501319337579496,7,54,True,0.17066960000011022,0.5111466000016662
RouteID_7f5d87f0-c39f-434f-bf3f-b159ef321909,NearestNeighbor,0.02,0.3,Random,49,13805.556666666664,94,47.157671435799855,1026.1699999999928,1,7.43302153456562,1.107106363882054,15,54,True,0.21544169999833684,0.5111466000016662
RouteID_7f5d87f0-c39f-434f-bf3f-b159ef321909,NearestNeighbor,0.02,0.3,Random,50,13805.556666666664,94,47.157671435799855,605.0599999999977,1,4.382728017486662,-0.45430959457803494,8,54,True,0.2483156999987841,0.5111466000016662
RouteID_7f5d87f0-c39f-434f-bf3f-b159ef321909,NearestNeighbor,0.02,0.3,Random,51,13805.556666666664,94,47.157671435799855,459.17833333332965,1,3.3260399737593325,1.9475476853923213,10,54,True,0.21115400000053342,0.5111466000016662
RouteID_7f5d87f0-c39f-434f-bf3f-b159ef321909,NearestNeighbor,0.05,0.05,Random,42,13805.556666666664,94,47.157671435799855,283.44666666666853,0,2.0531346436109077,0.26324784586701877,2,9,True,0.12271590000091237,1.9266243999991275
RouteID_7f5d87f0-c39f-434f-bf3f-b159ef321909,NearestNeighbor,0.05,0.05,Random,43,13805.556666666664,94,47.157671435799855,59.784999999998035,0,0.43305026695771087,1.986587313706295,2,9,True,0.12736949999816716,1.9266243999991275
RouteID_7f5d87f0-c39f-434f-bf3f-b159ef321909,NearestNeighbor,0.05,0.05,Random,44,13805.556666666664,94,47.157671435799855,86.68333333333067,0,0.6278872734094558,0.3858083795547925,2,9,True,0.11628990000099293,1.9266243999991275
RouteID_7f5d87f0-c39f-434f-bf3f-b159ef321909,NearestNeighbor,0.05,0.05,Random,45,13805.556666666664,94,47.157671435799855,0.9233333333322662,0,0.006688128234348148,0.24756295507774884,1,9,True,0.12756139999692095,1.9266243999991275
RouteID_7f5d87f0-c39f-434f-bf3f-b159ef321909,NearestNeighbor,0.05,0.05,Random,46,13805.556666666664,94,47.157671435799855,133.42999999999665,0,0.9664948920325803,0.23505807040060805,2,9,True,0.1119816999998875,1.9266243999991275
RouteID_7f5d87f0-c39f-434f-bf3f-b159ef321909,NearestNeighbor,0.05,0.05,Random,47,13805.556666666664,94,47.157671435799855,142.25333333333037,0,1.0304063557016805,0.31319593872281276,2,9,True,0.11165009999967879,1.9266243999991275
RouteID_7f5d87f0-c39f-434f-bf3f-b159ef321909,NearestNeighbor,0.05,0.05,Random,48,13805.556666666664,94,47.157671435799855,102.89333333332797,0,0.7453037629533807,0.7829389419818965,2,9,True,0.11623809999946388,1.9266243999991275
RouteID_7f5d87f0-c39f-434f-bf3f-b159ef321909,NearestNeighbor,0.05,0.05,Random,49,13805.556666666664,94,47.157671435799855,151.18333333332885,0,1.0950904551234724,0.4383919683364889,2,9,True,0.0776929999992717,1.9266243999991275
RouteID_7f5d87f0-c39f-434f-bf3f-b159ef321909,NearestNeighbor,0.05,0.05,Random,50,13805.556666666664,94,47.157671435799855,39.36999999999716,0,0.2851750273500779,3.9590136487453846,2,9,True,0.05383390000133659,1.9266243999991275
RouteID_7f5d87f0-c39f-434f-bf3f-b159ef321909,NearestNeighbor,0.05,0.05,Random,51,13805.556666666664,94,47.157671435799855,31.33333333333394,0,0.22696175235720747,-0.05105296368379214,1,9,True,0.10412600000199745,1.9266243999991275
RouteID_7f5d87f0-c39f-434f-bf3f-b159ef321909,NearestNeighbor,0.05,0.1,Random,42,13805.556666666664,94,47.157671435799855,307.0716666666631,0,2.2242613904014723,0.9479963190596281,4,18,True,0.21404189999884693,1.9266243999991275
RouteID_7f5d87f0-c39f-434f-bf3f-b159ef321909,NearestNeighbor,0.05,0.1,Random,43,13805.556666666664,94,47.157671435799855,61.27833333333183,0,0.4438671674955894,2.2367984153921268,3,18,True,0.19906230000196956,1.9266243999991275
RouteID_7f5d87f0-c39f-434f-bf3f-b159ef321909,NearestNeighbor,0.05,0.1,Random,44,13805.556666666664,94,47.157671435799855,168.5399999999936,0,1.2208127790089858,1.8727121632745067,5,18,True,0.19773630000054254,1.9266243999991275
RouteID_7f5d87f0-c39f-434f-bf3f-b159ef321909,NearestNeighbor,0.05,0.1,Random,45,13805.556666666664,94,47.157671435799855,63.076666666664096,0,0.4568933233888488,1.6685189096898891,5,18,True,0.2605097999985446,1.9266243999991275
RouteID_7f5d87f0-c39f-434f-bf3f-b159ef321909,NearestNeighbor,0.05,0.1,Random,46,13805.556666666664,94,47.157671435799855,144.23999999999432,0,1.0447966965957984,0.2566979218775057,3,18,True,0.24891310000020894,1.9266243999991275
RouteID_7f5d87f0-c39f-434f-bf3f-b159ef321909,NearestNeighbor,0.05,0.1,Random,47,13805.556666666664,94,47.157671435799855,218.23999999999614,0,1.5808127500351636,1.6856476119304675,4,18,True,0.1834376999977394,1.9266243999991275
RouteID_7f5d87f0-c39f-434f-bf3f-b159ef321909,NearestNeighbor,0.05,0.1,Random,48,13805.556666666664,94,47.157671435799855,147.38666666666177,0,1.0675894513006126,1.1858345822165124,3,18,True,0.1869842999985849,1.9266243999991275
RouteID_7f5d87f0-c39f-434f-bf3f-b159ef321909,NearestNeighbor,0.05,0.1,Random,49,13805.556666666664,94,47.157671435799855,287.7649999999994,0,2.0844143191618216,1.6977614464894537,6,18,True,0.1615100999988499,1.9266243999991275
RouteID_7f5d87f0-c39f-434f-bf3f-b159ef321909,NearestNeighbor,0.05,0.1,Random,50,13805.556666666664,94,47.157671435799855,139.8466666666627,0,1.0129737615312584,4.289469312989281,3,18,True,0.0949828000011621,1.9266243999991275
RouteID_7f5d87f0-c39f-434f-bf3f-b159ef321909,NearestNeighbor,0.05,0.1,Random,51,13805.556666666664,94,47.157671435799855,239.72166666666635,0,1.7364143471698696,0.932537746051893,3,18,True,0.22710039999947185,1.9266243999991275
RouteID_7f5d87f0-c39f-434f-bf3f-b159ef321909,NearestNeighbor,0.05,0.2,Random,42,13805.556666666664,94,47.157671435799855,405.48999999999796,1,2.9371506690421856,1.5351370391488235,7,36,True,0.48529359999884036,1.9266243999991275
RouteID_7f5d87f0-c39f-434f-bf3f-b159ef321909,NearestNeighbor,0.05,0.2,Random,43,13805.556666666664,94,47.157671435799855,309.32499999999345,1,2.2405833206773518,2.8756808553317343,8,36,True,0.3238629999978002,1.9266243999991275
RouteID_7f5d87f0-c39f-434f-bf3f-b159ef321909,NearestNeighbor,0.05,0.2,Random,44,13805.556666666664,94,47.157671435799855,689.439999999995,0,4.993931187611137,0.6167864658231648,9,36,True,0.43651909999971394,1.9266243999991275
RouteID_7f5d87f0-c39f-434f-bf3f-b159ef321909,NearestNeighbor,0.05,0.2,Random,45,13805.556666666664,94,47.157671435799855,243.84666666666635,0,1.7662936204190227,3.2680077172311117,9,36,True,0.4115197999999509,1.9266243999991275
RouteID_7f5d87f0-c39f-434f-bf3f-b159ef321909,NearestNeighbor,0.05,0.2,Random,46,13805.556666666664,94,47.157671435799855,214.29999999999563,0,1.5522735169196051,0.9367619717733441,6,36,True,0.4411957000011171,1.9266243999991275
RouteID_7f5d87f0-c39f-434f-bf3f-b159ef321909,NearestNeighbor,0.05,0.2,Random,47,13805.556666666664,94,47.157671435799855,1008.1533333333282,0,7.302518526960244,-3.7089895917675753,10,36,True,0.40247810000073514,1.9266243999991275
RouteID_7f5d87f0-c39f-434f-bf3f-b159ef321909,NearestNeighbor,0.05,0.2,Random,48,13805.556666666664,94,47.157671435799855,173.74833333333117,-1,1.2585391341215835,4.958912104032462,6,36,True,0.3284004000015557,1.9266243999991275
RouteID_7f5d87f0-c39f-434f-bf3f-b159ef321909,NearestNeighbor,0.05,0.2,Random,49,13805.556666666664,94,47.157671435799855,732.7066666666597,0,5.307331564802239,0.5014762094216817,13,36,True,0.3299568000002182,1.9266243999991275
RouteID_7f5d87f0-c39f-434f-bf3f-b159ef321909,NearestNeighbor,0.05,0.2,Random,50,13805.556666666664,94,47.157671435799855,306.26666666665915,1,2.2184304049552455,4.894536138572278,5,36,True,0.1477147999976296,1.9266243999991275
RouteID_7f5d87f0-c39f-434f-bf3f-b159ef321909,NearestNeighbor,0.05,0.2,Random,51,13805.556666666664,94,47.157671435799855,319.2316666666611,1,2.3123418662098705,1.4612887092783193,5,36,True,0.4390619000005245,1.9266243999991275
RouteID_7f5d87f0-c39f-434f-bf3f-b159ef321909,NearestNeighbor,0.05,0.3,Random,42,13805.556666666664,94,47.157671435799855,989.4449999999924,1,7.167005459395885,0.844021931061306,11,54,True,0.6095562000009522,1.9266243999991275
RouteID_7f5d87f0-c39f-434f-bf3f-b159ef321909,NearestNeighbor,0.05,0.3,Random,43,13805.556666666664,94,47.157671435799855,528.0783333333275,1,3.825114380272443,3.212021100912025,14,54,True,0.41597489999912796,1.9266243999991275
RouteID_7f5d87f0-c39f-434f-bf3f-b159ef321909,NearestNeighbor,0.05,0.3,Random,44,13805.556666666664,94,47.157671435799855,1103.0483333333286,2,7.9898866808944,2.23006145351085,14,54,True,0.5729332999981125,1.9266243999991275
RouteID_7f5d87f0-c39f-434f-bf3f-b159ef321909,NearestNeighbor,0.05,0.3,Random,45,13805.556666666664,94,47.157671435799855,1047.2466666666587,1,7.585689530326742,4.759419072544242,15,54,True,0.5184589000018605,1.9266243999991275
RouteID_7f5d87f0-c39f-434f-bf3f-b159ef321909,NearestNeighbor,0.05,0.3,Random,46,13805.556666666664,94,47.157671435799855,595.8333333333303,2,4.315895024877643,1.6969185311146968,10,54,True,0.6437920999997004,1.9266243999991275
RouteID_7f5d87f0-c39f-434f-bf3f-b159ef321909,NearestNeighbor,0.05,0.3,Random,47,13805.556666666664,94,47.157671435799855,1244.073333333332,1,9.011395653006378,0.669778329043757,14,54,True,0.7491253999978653,1.9266243999991275
RouteID_7f5d87f0-c39f-434f-bf3f-b159ef321909,NearestNeighbor,0.05,0.3,Random,48,13805.556666666664,94,47.157671435799855,173.90666666666766,-1,1.2596860153170284,4.965441635328314,7,54,True,0.3176619000005303,1.9266243999991275
RouteID_7f5d87f0-c39f-434f-bf3f-b159ef321909,NearestNeighbor,0.05,0.3,Random,49,13805.556666666664,94,47.157671435799855,1084.298333333334,1,7.854071802489199,1.2884083141491633,17,54,True,0.5470085000015388,1.9266243999991275
RouteID_7f5d87f0-c39f-434f-bf3f-b159ef321909,NearestNeighbor,0.05,0.3,Random,50,13805.556666666664,94,47.157671435799855,801.6950000000033,2,5.80704581029815,2.4905188759544483,11,54,True,0.2677097000014328,1.9266243999991275
RouteID_7f5d87f0-c39f-434f-bf3f-b159ef321909,NearestNeighbor,0.05,0.3,Random,51,13805.556666666664,94,47.157671435799855,514.3583333333318,1,3.7257341065807457,2.572236134076036,11,54,True,0.5304909999977099,1.9266243999991275
RouteID_7f5d87f0-c39f-434f-bf3f-b159ef321909,NearestNeighbor,0.1,0.05,Random,42,13805.556666666664,94,47.157671435799855,283.44666666666853,0,2.0531346436109077,0.26324784586701877,2,9,True,0.19474450000052457,3.981673899997986
RouteID_7f5d87f0-c39f-434f-bf3f-b159ef321909,NearestNeighbor,0.1,0.05,Random,43,13805.556666666664,94,47.157671435799855,59.784999999998035,0,0.43305026695771087,1.986587313706295,2,9,True,0.39332780000040657,3.981673899997986
RouteID_7f5d87f0-c39f-434f-bf3f-b159ef321909,NearestNeighbor,0.1,0.05,Random,44,13805.556666666664,94,47.157671435799855,86.68333333333067,0,0.6278872734094558,0.3858083795547925,2,9,True,0.30559310000171536,3.981673899997986
RouteID_7f5d87f0-c39f-434f-bf3f-b159ef321909,NearestNeighbor,0.1,0.05,Random,45,13805.556666666664,94,47.157671435799855,0.9233333333322662,0,0.006688128234348148,0.24756295507774884,1,9,True,0.20956889999797568,3.981673899997986
RouteID_7f5d87f0-c39f-434f-bf3f-b159ef321909,NearestNeighbor,0.1,0.05,Random,46,13805.556666666664,94,47.157671435799855,133.42999999999665,0,0.9664948920325803,0.23505807040060805,2,9,True,0.1896811999977217,3.981673899997986
RouteID_7f5d87f0-c39f-434f-bf3f-b159ef321909,NearestNeighbor,0.1,0.05,Random,47,13805.556666666664,94,47.157671435799855,142.25333333333037,0,1.0304063557016805,0.31319593872281276,2,9,True,0.1826416000003519,3.981673899997986
RouteID_7f5d87f0-c39f-434f-bf3f-b159ef321909,NearestNeighbor,0.1,0.05,Random,48,13805.556666666664,94,47.157671435799855,102.89333333332797,0,0.7453037629533807,0.7829389419818965,2,9,True,0.17281509999884292,3.981673899997986
RouteID_7f5d87f0-c39f-434f-bf3f-b159ef321909,NearestNeighbor,0.1,0.05,Random,49,13805.556666666664,94,47.157671435799855,151.18333333332885,0,1.0950904551234724,0.4383919683364889,2,9,True,0.1721402000002854,3.981673899997986
RouteID_7f5d87f0-c39f-434f-bf3f-b159ef321909,NearestNeighbor,0.1,0.05,Random,50,13805.556666666664,94,47.157671435799855,39.36999999999716,0,0.2851750273500779,3.9590136487453846,2,9,True,0.14625929999965592,3.981673899997986
RouteID_7f5d87f0-c39f-434f-bf3f-b159ef321909,NearestNeighbor,0.1,0.05,Random,51,13805.556666666664,94,47.157671435799855,31.33333333333394,0,0.22696175235720747,-0.05105296368379214,1,9,True,0.19817200000034063,3.981673899997986
RouteID_7f5d87f0-c39f-434f-bf3f-b159ef321909,NearestNeighbor,0.1,0.1,Random,42,13805.556666666664,94,47.157671435799855,307.0716666666631,0,2.2242613904014723,0.9479963190596281,4,18,True,0.4139632000005804,3.981673899997986
RouteID_7f5d87f0-c39f-434f-bf3f-b159ef321909,NearestNeighbor,0.1,0.1,Random,43,13805.556666666664,94,47.157671435799855,61.27833333333183,0,0.4438671674955894,2.2367984153921268,3,18,True,0.5555422999968869,3.981673899997986
RouteID_7f5d87f0-c39f-434f-bf3f-b159ef321909,NearestNeighbor,0.1,0.1,Random,44,13805.556666666664,94,47.157671435799855,168.5399999999936,0,1.2208127790089858,1.8727121632745067,5,18,True,0.4496770000005199,3.981673899997986
RouteID_7f5d87f0-c39f-434f-bf3f-b159ef321909,NearestNeighbor,0.1,0.1,Random,45,13805.556666666664,94,47.157671435799855,63.076666666664096,0,0.4568933233888488,1.6685189096898891,5,18,True,0.48754949999784003,3.981673899997986
RouteID_7f5d87f0-c39f-434f-bf3f-b159ef321909,NearestNeighbor,0.1,0.1,Random,46,13805.556666666664,94,47.157671435799855,144.23999999999432,0,1.0447966965957984,0.2566979218775057,3,18,True,0.481394000002183,3.981673899997986
RouteID_7f5d87f0-c39f-434f-bf3f-b159ef321909,NearestNeighbor,0.1,0.1,Random,47,13805.556666666664,94,47.157671435799855,218.23999999999614,0,1.5808127500351636,1.6856476119304675,4,18,True,0.4254478000002564,3.981673899997986
RouteID_7f5d87f0-c39f-434f-bf3f-b159ef321909,NearestNeighbor,0.1,0.1,Random,48,13805.556666666664,94,47.157671435799855,147.38666666666177,0,1.0675894513006126,1.1858345822165124,3,18,True,0.44056579999960377,3.981673899997986
RouteID_7f5d87f0-c39f-434f-bf3f-b159ef321909,NearestNeighbor,0.1,0.1,Random,49,13805.556666666664,94,47.157671435799855,287.7649999999994,0,2.0844143191618216,1.6977614464894537,6,18,True,0.3426386999999522,3.981673899997986
RouteID_7f5d87f0-c39f-434f-bf3f-b159ef321909,NearestNeighbor,0.1,0.1,Random,50,13805.556666666664,94,47.157671435799855,139.8466666666627,0,1.0129737615312584,4.289469312989281,3,18,True,0.3431062000017846,3.981673899997986
RouteID_7f5d87f0-c39f-434f-bf3f-b159ef321909,NearestNeighbor,0.1,0.1,Random,51,13805.556666666664,94,47.157671435799855,239.72166666666635,0,1.7364143471698696,0.932537746051893,3,18,True,0.38179180000224733,3.981673899997986
RouteID_7f5d87f0-c39f-434f-bf3f-b159ef321909,NearestNeighbor,0.1,0.2,Random,42,13805.556666666664,94,47.157671435799855,405.48999999999796,1,2.9371506690421856,1.5351370391488235,7,36,True,0.9160506000007445,3.981673899997986
RouteID_7f5d87f0-c39f-434f-bf3f-b159ef321909,NearestNeighbor,0.1,0.2,Random,43,13805.556666666664,94,47.157671435799855,309.32499999999345,1,2.2405833206773518,2.8756808553317343,8,36,True,0.85546709999835,3.981673899997986
RouteID_7f5d87f0-c39f-434f-bf3f-b159ef321909,NearestNeighbor,0.1,0.2,Random,44,13805.556666666664,94,47.157671435799855,689.439999999995,0,4.993931187611137,0.6167864658231648,9,36,True,0.8157285999986925,3.981673899997986
RouteID_7f5d87f0-c39f-434f-bf3f-b159ef321909,NearestNeighbor,0.1,0.2,Random,45,13805.556666666664,94,47.157671435799855,243.84666666666635,0,1.7662936204190227,3.2680077172311117,9,36,True,0.8422205000024405,3.981673899997986
RouteID_7f5d87f0-c39f-434f-bf3f-b159ef321909,NearestNeighbor,0.1,0.2,Random,46,13805.556666666664,94,47.157671435799855,214.29999999999563,0,1.5522735169196051,0.9367619717733441,6,36,True,0.8320401000019046,3.981673899997986
RouteID_7f5d87f0-c39f-434f-bf3f-b159ef321909,NearestNeighbor,0.1,0.2,Random,47,13805.556666666664,94,47.157671435799855,1008.1533333333282,0,7.302518526960244,-3.7089895917675753,10,36,True,0.7815812999979244,3.981673899997986
RouteID_7f5d87f0-c39f-434f-bf3f-b159ef321909,NearestNeighbor,0.1,0.2,Random,48,13805.556666666664,94,47.157671435799855,173.74833333333117,-1,1.2585391341215835,4.958912104032462,6,36,True,0.6690667000002577,3.981673899997986
RouteID_7f5d87f0-c39f-434f-bf3f-b159ef321909,NearestNeighbor,0.1,0.2,Random,49,13805.556666666664,94,47.157671435799855,732.7066666666597,0,5.307331564802239,0.5014762094216817,13,36,True,0.6737485000012384,3.981673899997986
RouteID_7f5d87f0-c39f-434f-bf3f-b159ef321909,NearestNeighbor,0.1,0.2,Random,50,13805.556666666664,94,47.157671435799855,750.3216666666649,2,5.434925115901387,6.124735364212965,7,36,True,0.46756789999926696,3.981673899997986
RouteID_7f5d87f0-c39f-434f-bf3f-b159ef321909,NearestNeighbor,0.1,0.2,Random,51,13805.556666666664,94,47.157671435799855,319.2316666666611,1,2.3123418662098705,1.4612887092783193,5,36,True,0.7811935999998241,3.981673899997986
RouteID_7f5d87f0-c39f-434f-bf3f-b159ef321909,NearestNeighbor,0.1,0.3,Random,42,13805.556666666664,94,47.157671435799855,989.4449999999924,1,7.167005459395885,0.844021931061306,11,54,True,1.2242513999990479,3.981673899997986
RouteID_7f5d87f0-c39f-434f-bf3f-b159ef321909,NearestNeighbor,0.1,0.3,Random,43,13805.556666666664,94,47.157671435799855,528.0783333333275,1,3.825114380272443,3.212021100912025,14,54,True,1.077362500000163,3.981673899997986
RouteID_7f5d87f0-c39f-434f-bf3f-b159ef321909,NearestNeighbor,0.1,0.3,Random,44,13805.556666666664,94,47.157671435799855,1103.0483333333286,2,7.9898866808944,2.23006145351085,14,54,True,1.2805972999994992,3.981673899997986
RouteID_7f5d87f0-c39f-434f-bf3f-b159ef321909,NearestNeighbor,0.1,0.3,Random,45,13805.556666666664,94,47.157671435799855,1047.2466666666587,1,7.585689530326742,4.759419072544242,15,54,True,1.2801006000008783,3.981673899997986
RouteID_7f5d87f0-c39f-434f-bf3f-b159ef321909,NearestNeighbor,0.1,0.3,Random,46,13805.556666666664,94,47.157671435799855,595.8333333333303,2,4.315895024877643,1.6969185311146968,10,54,True,1.1967011999986426,3.981673899997986
RouteID_7f5d87f0-c39f-434f-bf3f-b159ef321909,NearestNeighbor,0.1,0.3,Random,47,13805.556666666664,94,47.157671435799855,1244.073333333332,1,9.011395653006378,0.669778329043757,14,54,True,1.1444931999976689,3.981673899997986
RouteID_7f5d87f0-c39f-434f-bf3f-b159ef321909,NearestNeighbor,0.1,0.3,Random,48,13805.556666666664,94,47.157671435799855,291.743333333332,0,2.1132312182509994,6.22469526947187,10,54,True,0.7600400000010268,3.981673899997986
RouteID_7f5d87f0-c39f-434f-bf3f-b159ef321909,NearestNeighbor,0.1,0.3,Random,49,13805.556666666664,94,47.157671435799855,1084.298333333334,1,7.854071802489199,1.2884083141491633,17,54,True,1.1223094000015408,3.981673899997986
RouteID_7f5d87f0-c39f-434f-bf3f-b159ef321909,NearestNeighbor,0.1,0.3,Random,50,13805.556666666664,94,47.157671435799855,1237.579999999998,3,8.964361451560436,3.8138119884310733,15,54,True,0.8787050999999337,3.981673899997986
RouteID_7f5d87f0-c39f-434f-bf3f-b159ef321909,NearestNeighbor,0.1,0.3,Random,51,13805.556666666664,94,47.157671435799855,514.3583333333318,1,3.7257341065807457,2.572236134076036,11,54,True,1.1833631999979843,3.981673899997986
RouteID_9475872b-287f-4c2c-8e29-887766a4e090,NearestNeighbor,0.0,0.05,Random,42,13561.263333333336,99,32.81369646709463,0.0,0,0.0,0.0,0,9,True,0.026983700001437683,0.04617860000143992
RouteID_9475872b-287f-4c2c-8e29-887766a4e090,NearestNeighbor,0.0,0.05,Random,43,13561.263333333336,99,32.81369646709463,268.74333333333925,0,1.981698361927484,-0.2483514775675526,2,9,True,0.03724830000282964,0.04617860000143992
RouteID_9475872b-287f-4c2c-8e29-887766a4e090,NearestNeighbor,0.0,0.05,Random,44,13561.263333333336,99,32.81369646709463,156.09833333333518,1,1.151060410055222,-0.08694627144610836,4,9,True,0.03002139999807696,0.04617860000143992
RouteID_9475872b-287f-4c2c-8e29-887766a4e090,NearestNeighbor,0.0,0.05,Random,45,13561.263333333336,99,32.81369646709463,86.54000000000451,1,0.6381411368016929,-0.36203104445512907,1,9,True,0.02436690000104136,0.04617860000143992
RouteID_9475872b-287f-4c2c-8e29-887766a4e090,NearestNeighbor,0.0,0.05,Random,46,13561.263333333336,99,32.81369646709463,72.723333333337,0,0.5362578068562711,-0.4608705856985288,1,9,True,0.0322758000002068,0.04617860000143992
RouteID_9475872b-287f-4c2c-8e29-887766a4e090,NearestNeighbor,0.0,0.05,Random,47,13561.263333333336,99,32.81369646709463,0.0,0,0.0,0.0,0,9,True,0.01990559999831021,0.04617860000143992
RouteID_9475872b-287f-4c2c-8e29-887766a4e090,NearestNeighbor,0.0,0.05,Random,48,13561.263333333336,99,32.81369646709463,0.0,0,0.0,0.0,0,9,True,0.038642700001219055,0.04617860000143992
RouteID_9475872b-287f-4c2c-8e29-887766a4e090,NearestNeighbor,0.0,0.05,Random,49,13561.263333333336,99,32.81369646709463,0.0,0,0.0,0.0,0,9,True,0.02551359999779379,0.04617860000143992
RouteID_9475872b-287f-4c2c-8e29-887766a4e090,NearestNeighbor,0.0,0.05,Random,50,13561.263333333336,99,32.81369646709463,0.0,0,0.0,0.0,0,9,True,0.03507689999969443,0.04617860000143992
RouteID_9475872b-287f-4c2c-8e29-887766a4e090,NearestNeighbor,0.0,0.05,Random,51,13561.263333333336,99,32.81369646709463,0.0,0,0.0,0.0,0,9,True,0.02763520000007702,0.04617860000143992
RouteID_9475872b-287f-4c2c-8e29-887766a4e090,NearestNeighbor,0.0,0.1,Random,42,13561.263333333336,99,32.81369646709463,0.0,0,0.0,0.0,0,18,True,0.04613869999957387,0.04617860000143992
RouteID_9475872b-287f-4c2c-8e29-887766a4e090,NearestNeighbor,0.0,0.1,Random,43,13561.263333333336,99,32.81369646709463,312.87666666667064,0,2.3071351022114994,-0.13189221630946865,4,18,True,0.0493120999999519,0.04617860000143992
RouteID_9475872b-287f-4c2c-8e29-887766a4e090,NearestNeighbor,0.0,0.1,Random,44,13561.263333333336,99,32.81369646709463,156.09833333333518,1,1.151060410055222,-0.08694627144610836,4,18,True,0.05763160000060452,0.04617860000143992
RouteID_9475872b-287f-4c2c-8e29-887766a4e090,NearestNeighbor,0.0,0.1,Random,45,13561.263333333336,99,32.81369646709463,213.57166666666672,1,1.5748655668510727,-0.18929701181479466,4,18,True,0.04993090000061784,0.04617860000143992
RouteID_9475872b-287f-4c2c-8e29-887766a4e090,NearestNeighbor,0.0,0.1,Random,46,13561.263333333336,99,32.81369646709463,75.31499999999869,0,0.5553686124129439,-0.2527974500942723,2,18,True,0.052798900000198046,0.04617860000143992
RouteID_9475872b-287f-4c2c-8e29-887766a4e090,NearestNeighbor,0.0,0.1,Random,47,13561.263333333336,99,32.81369646709463,78.84833333333154,0,0.5814232154870393,-0.013124372201582982,1,18,True,0.038035699999454664,0.04617860000143992
RouteID_9475872b-287f-4c2c-8e29-887766a4e090,NearestNeighbor,0.0,0.1,Random,48,13561.263333333336,99,32.81369646709463,0.0,0,0.0,0.0,0,18,True,0.04038589999981923,0.04617860000143992
RouteID_9475872b-287f-4c2c-8e29-887766a4e090,NearestNeighbor,0.0,0.1,Random,49,13561.263333333336,99,32.81369646709463,0.0,0,0.0,0.0,0,18,True,0.0445421999975224,0.04617860000143992
RouteID_9475872b-287f-4c2c-8e29-887766a4e090,NearestNeighbor,0.0,0.1,Random,50,13561.263333333336,99,32.81369646709463,268.74333333333925,0,1.981698361927484,-0.2483514775675526,2,18,True,0.06047050000051968,0.04617860000143992
RouteID_9475872b-287f-4c2c-8e29-887766a4e090,NearestNeighbor,0.0,0.1,Random,51,13561.263333333336,99,32.81369646709463,0.0,0,0.0,0.0,0,18,True,0.04528769999888027,0.04617860000143992
RouteID_9475872b-287f-4c2c-8e29-887766a4e090,NearestNeighbor,0.0,0.2,Random,42,13561.263333333336,99,32.81369646709463,158.40666666666948,1,1.1680819314031665,-0.27020779503103853,2,37,True,0.096727699998155,0.04617860000143992
RouteID_9475872b-287f-4c2c-8e29-887766a4e090,NearestNeighbor,0.0,0.2,Random,43,13561.263333333336,99,32.81369646709463,313.4866666666676,0,2.311633208213892,-0.05105811332637838,5,37,True,0.10923080000065966,0.04617860000143992
RouteID_9475872b-287f-4c2c-8e29-887766a4e090,NearestNeighbor,0.0,0.2,Random,44,13561.263333333336,99,32.81369646709463,158.38500000000568,1,1.167922162610752,-0.08554577170548212,5,37,True,0.10513559999890276,0.04617860000143992
RouteID_9475872b-287f-4c2c-8e29-887766a4e090,NearestNeighbor,0.0,0.2,Random,45,13561.263333333336,99,32.81369646709463,242.38000000000466,1,1.7872966112547868,-0.09951272686165387,5,37,True,0.11616789999970933,0.04617860000143992
RouteID_9475872b-287f-4c2c-8e29-887766a4e090,NearestNeighbor,0.0,0.2,Random,46,13561.263333333336,99,32.81369646709463,108.28166666667312,1,0.7984629750571893,-0.0883936516206384,3,37,True,0.12311120000231313,0.04617860000143992
RouteID_9475872b-287f-4c2c-8e29-887766a4e090,NearestNeighbor,0.0,0.2,Random,47,13561.263333333336,99,32.81369646709463,380.506666666668,1,2.805834952938268,-0.0556286601434942,3,37,True,0.10697780000191415,0.04617860000143992
RouteID_9475872b-287f-4c2c-8e29-887766a4e090,NearestNeighbor,0.0,0.2,Random,48,13561.263333333336,99,32.81369646709463,96.34000000000196,1,0.7104057906109678,-0.09877842041720966,1,37,True,0.10963880000053905,0.04617860000143992
RouteID_9475872b-287f-4c2c-8e29-887766a4e090,NearestNeighbor,0.0,0.2,Random,49,13561.263333333336,99,32.81369646709463,0.0,0,0.0,0.0,0,37,True,0.09611049999875831,0.04617860000143992
RouteID_9475872b-287f-4c2c-8e29-887766a4e090,NearestNeighbor,0.0,0.2,Random,50,13561.263333333336,99,32.81369646709463,393.4616666666716,1,2.9013644009076205,-0.16590155689823716,4,37,True,0.100008200002776,0.04617860000143992
RouteID_9475872b-287f-4c2c-8e29-887766a4e090,NearestNeighbor,0.0,0.2,Random,51,13561.263333333336,99,32.81369646709463,32.96666666666715,1,0.2430943626441918,-0.03265497383417231,1,37,True,0.11602549999952316,0.04617860000143992
RouteID_9475872b-287f-4c2c-8e29-887766a4e090,NearestNeighbor,0.0,0.3,Random,42,13561.263333333336,99,32.81369646709463,210.1566666666713,1,1.5496835471818475,-0.13836136428270315,5,55,True,0.16078170000037062,0.04617860000143992
RouteID_9475872b-287f-4c2c-8e29-887766a4e090,NearestNeighbor,0.0,0.3,Random,43,13561.263333333336,99,32.81369646709463,313.4866666666676,0,2.311633208213892,-0.05105811332637838,5,55,True,0.148145499999373,0.04617860000143992
RouteID_9475872b-287f-4c2c-8e29-887766a4e090,NearestNeighbor,0.0,0.3,Random,44,13561.263333333336,99,32.81369646709463,237.23333333333176,1,1.7493453780977515,-0.09867014390706512,6,55,True,0.17498110000087763,0.04617860000143992
RouteID_9475872b-287f-4c2c-8e29-887766a4e090,NearestNeighbor,0.0,0.3,Random,45,13561.263333333336,99,32.81369646709463,319.77166666666744,1,2.3579784479273003,-0.24426712517051793,7,55,True,0.20127809999758028,0.04617860000143992
RouteID_9475872b-287f-4c2c-8e29-887766a4e090,NearestNeighbor,0.0,0.3,Random,46,13561.263333333336,99,32.81369646709463,206.1933333333327,1,1.5204581480732202,-0.14526059392599397,5,55,True,0.18763200000103097,0.04617860000143992
RouteID_9475872b-287f-4c2c-8e29-887766a4e090,NearestNeighbor,0.0,0.3,Random,47,13561.263333333336,99,32.81369646709463,384.6650000000009,1,2.8364982711787725,-0.012316682291013863,5,55,True,0.13606040000013309,0.04617860000143992
RouteID_9475872b-287f-4c2c-8e29-887766a4e090,NearestNeighbor,0.0,0.3,Random,48,13561.263333333336,99,32.81369646709463,96.5033333333322,1,0.7116102015077664,-0.06383558914797684,2,55,True,0.142955899998924,0.04617860000143992
RouteID_9475872b-287f-4c2c-8e29-887766a4e090,NearestNeighbor,0.0,0.3,Random,49,13561.263333333336,99,32.81369646709463,96.34000000000196,1,0.7104057906109678,-0.09877842041720966,1,55,True,0.1495892000020831,0.04617860000143992
RouteID_9475872b-287f-4c2c-8e29-887766a4e090,NearestNeighbor,0.0,0.3,Random,50,13561.263333333336,99,32.81369646709463,494.9933333333356,1,3.6500532521675253,-0.5369878576436252,6,55,True,0.18055520000052638,0.04617860000143992
RouteID_9475872b-287f-4c2c-8e29-887766a4e090,NearestNeighbor,0.0,0.3,Random,51,13561.263333333336,99,32.81369646709463,105.69000000000415,1,0.7793521695004629,-0.4935255595327011,2,55,True,0.15786019999723067,0.04617860000143992
RouteID_9475872b-287f-4c2c-8e29-887766a4e090,NearestNeighbor,0.02,0.05,Random,42,13561.263333333336,99,32.81369646709463,99.29333333333489,0,0.7321835060106361,1.7567236365398597,5,9,True,0.05760879999797908,0.4527825000004668
RouteID_9475872b-287f-4c2c-8e29-887766a4e090,NearestNeighbor,0.02,0.05,Random,43,13561.263333333336,99,32.81369646709463,305.2333333333372,0,2.250773588203094,0.4738252965517911,4,9,True,0.053791000002092915,0.4527825000004668
RouteID_9475872b-287f-4c2c-8e29-887766a4e090,NearestNeighbor,0.02,0.05,Random,44,13561.263333333336,99,32.81369646709463,248.15333333333547,1,1.829868849485277,1.826119464897367,5,9,True,0.05310780000218074,0.4527825000004668
RouteID_9475872b-287f-4c2c-8e29-887766a4e090,NearestNeighbor,0.02,0.05,Random,45,13561.263333333336,99,32.81369646709463,510.06333333333714,1,3.7611785922599914,1.9644552593497344,3,9,True,0.030861899998853914,0.4527825000004668
RouteID_9475872b-287f-4c2c-8e29-887766a4e090,NearestNeighbor,0.02,0.05,Random,46,13561.263333333336,99,32.81369646709463,626.2083333333394,2,4.617625349064131,1.2256037850177395,4,9,True,0.0641152999996848,0.4527825000004668
RouteID_9475872b-287f-4c2c-8e29-887766a4e090,NearestNeighbor,0.02,0.05,Random,47,13561.263333333336,99,32.81369646709463,66.21500000000196,1,0.4882657195900526,0.7088780153449082,2,9,True,0.029711900002439506,0.4527825000004668
RouteID_9475872b-287f-4c2c-8e29-887766a4e090,NearestNeighbor,0.02,0.05,Random,48,13561.263333333336,99,32.81369646709463,15.325000000004366,0,0.11300569588038156,0.02667497630494314,1,9,True,0.05031980000057956,0.4527825000004668
RouteID_9475872b-287f-4c2c-8e29-887766a4e090,NearestNeighbor,0.02,0.05,Random,49,13561.263333333336,99,32.81369646709463,44.34166666666897,0,0.3269729786728495,0.9878254731701184,3,9,True,0.021713899997848785,0.4527825000004668
RouteID_9475872b-287f-4c2c-8e29-887766a4e090,NearestNeighbor,0.02,0.05,Random,50,13561.263333333336,99,32.81369646709463,95.46166666667523,0,0.7039290095638229,1.8433926205357438,4,9,True,0.0308048000006238,0.4527825000004668
RouteID_9475872b-287f-4c2c-8e29-887766a4e090,NearestNeighbor,0.02,0.05,Random,51,13561.263333333336,99,32.81369646709463,138.6050000000032,0,1.022065545024221,1.9214671540138906,3,9,True,0.04044119999889517,0.4527825000004668
RouteID_9475872b-287f-4c2c-8e29-887766a4e090,NearestNeighbor,0.02,0.1,Random,42,13561.263333333336,99,32.81369646709463,102.05000000000655,0,0.7525110123713145,1.9997396034133708,7,18,True,0.058264699997380376,0.4527825000004668
RouteID_9475872b-287f-4c2c-8e29-887766a4e090,NearestNeighbor,0.02,0.1,Random,43,13561.263333333336,99,32.81369646709463,521.4250000000029,1,3.8449588890317457,1.6836664380369732,7,18,True,0.0762579000002006,0.4527825000004668
RouteID_9475872b-287f-4c2c-8e29-887766a4e090,NearestNeighbor,0.02,0.1,Random,44,13561.263333333336,99,32.81369646709463,248.15333333333547,1,1.829868849485277,1.826119464897367,5,18,True,0.0727971999986039,0.4527825000004668
RouteID_9475872b-287f-4c2c-8e29-887766a4e090,NearestNeighbor,0.02,0.1,Random,45,13561.263333333336,99,32.81369646709463,591.5249999999996,1,4.361872382096158,1.9569614355194938,5,18,True,0.08812670000042999,0.4527825000004668
RouteID_9475872b-287f-4c2c-8e29-887766a4e090,NearestNeighbor,0.02,0.1,Random,46,13561.263333333336,99,32.81369646709463,628.8000000000065,2,4.636736154620843,1.4336769206220177,5,18,True,0.07256300000153715,0.4527825000004668
RouteID_9475872b-287f-4c2c-8e29-887766a4e090,NearestNeighbor,0.02,0.1,Random,47,13561.263333333336,99,32.81369646709463,242.71166666666977,1,1.7897423027697497,1.7775771614382936,4,18,True,0.07405540000036126,0.4527825000004668
RouteID_9475872b-287f-4c2c-8e29-887766a4e090,NearestNeighbor,0.02,0.1,Random,48,13561.263333333336,99,32.81369646709463,61.626666666667006,1,0.4544316053150432,1.127712935035038,3,18,True,0.07540159999916796,0.4527825000004668
RouteID_9475872b-287f-4c2c-8e29-887766a4e090,NearestNeighbor,0.02,0.1,Random,49,13561.263333333336,99,32.81369646709463,137.45333333334383,1,1.0135732192109719,1.8957633198999408,7,18,True,0.05125739999857615,0.4527825000004668
RouteID_9475872b-287f-4c2c-8e29-887766a4e090,NearestNeighbor,0.02,0.1,Random,50,13561.263333333336,99,32.81369646709463,366.0250000000033,0,2.6990479500558076,1.6614078478293763,6,18,True,0.052136499998596264,0.4527825000004668
RouteID_9475872b-287f-4c2c-8e29-887766a4e090,NearestNeighbor,0.02,0.1,Random,51,13561.263333333336,99,32.81369646709463,138.6050000000032,0,1.022065545024221,1.9214671540138906,3,18,True,0.0517147999998997,0.4527825000004668
RouteID_9475872b-287f-4c2c-8e29-887766a4e090,NearestNeighbor,0.02,0.2,Random,42,13561.263333333336,99,32.81369646709463,260.19166666667115,1,1.9186388485438874,1.7295318083823323,9,37,True,0.10830569999961881,0.4527825000004668
RouteID_9475872b-287f-4c2c-8e29-887766a4e090,NearestNeighbor,0.02,0.2,Random,43,13561.263333333336,99,32.81369646709463,545.1983333333355,1,4.020262124054829,1.8629576312058644,9,37,True,0.1363865999992413,0.4527825000004668
RouteID_9475872b-287f-4c2c-8e29-887766a4e090,NearestNeighbor,0.02,0.2,Random,44,13561.263333333336,99,32.81369646709463,250.44000000000597,1,1.8467306020408074,1.8275199646379932,6,37,True,0.12496769999779644,0.4527825000004668
RouteID_9475872b-287f-4c2c-8e29-887766a4e090,NearestNeighbor,0.02,0.2,Random,45,13561.263333333336,99,32.81369646709463,591.5249999999996,1,4.361872382096158,1.9569614355194938,5,37,True,0.13366859999950975,0.4527825000004668
RouteID_9475872b-287f-4c2c-8e29-887766a4e090,NearestNeighbor,0.02,0.2,Random,46,13561.263333333336,99,32.81369646709463,688.310000000005,2,5.075559577905634,1.9597047058055044,7,37,True,0.13342550000015763,0.4527825000004668
RouteID_9475872b-287f-4c2c-8e29-887766a4e090,NearestNeighbor,0.02,0.2,Random,47,13561.263333333336,99,32.81369646709463,388.1800000000021,1,2.862417685274666,1.9163142099189467,8,37,True,0.13083299999925657,0.4527825000004668
RouteID_9475872b-287f-4c2c-8e29-887766a4e090,NearestNeighbor,0.02,0.2,Random,48,13561.263333333336,99,32.81369646709463,214.46000000000458,1,1.5814160873409624,1.7698328356823594,6,37,True,0.15183239999896614,0.4527825000004668
RouteID_9475872b-287f-4c2c-8e29-887766a4e090,NearestNeighbor,0.02,0.2,Random,49,13561.263333333336,99,32.81369646709463,152.94833333334282,1,1.127832485616577,1.8923351237985861,9,37,True,0.13241740000012214,0.4527825000004668
RouteID_9475872b-287f-4c2c-8e29-887766a4e090,NearestNeighbor,0.02,0.2,Random,50,13561.263333333336,99,32.81369646709463,490.6450000000077,1,3.617988884516469,1.7438577684986918,8,37,True,0.11912610000217683,0.4527825000004668
RouteID_9475872b-287f-4c2c-8e29-887766a4e090,NearestNeighbor,0.02,0.2,Random,51,13561.263333333336,99,32.81369646709463,200.38000000000102,1,1.4775909520720731,1.9785964651328591,5,37,True,0.12310509999952046,0.4527825000004668
RouteID_9475872b-287f-4c2c-8e29-887766a4e090,NearestNeighbor,0.02,0.3,Random,42,13561.263333333336,99,32.81369646709463,311.89666666666926,1,2.2999086368305597,1.8092032281570378,12,55,True,0.17347739999968326,0.4527825000004668
RouteID_9475872b-287f-4c2c-8e29-887766a4e090,NearestNeighbor,0.02,0.3,Random,43,13561.263333333336,99,32.81369646709463,577.0483333333395,1,4.255122248935063,1.9961179961055022,10,55,True,0.1752176000009058,0.4527825000004668
RouteID_9475872b-287f-4c2c-8e29-887766a4e090,NearestNeighbor,0.02,0.3,Random,44,13561.263333333336,99,32.81369646709463,393.8049999999985,1,2.9038961217723207,1.93899580513676,9,55,True,0.1704323000012664,0.4527825000004668
RouteID_9475872b-287f-4c2c-8e29-887766a4e090,NearestNeighbor,0.02,0.3,Random,45,13561.263333333336,99,32.81369646709463,668.7783333333318,2,4.931534156478526,1.8122070372106078,7,55,True,0.21780999999828055,0.4527825000004668
RouteID_9475872b-287f-4c2c-8e29-887766a4e090,NearestNeighbor,0.02,0.3,Random,46,13561.263333333336,99,32.81369646709463,783.4216666666653,2,5.776907706976157,1.8364710586389634,9,55,True,0.20555809999859775,0.4527825000004668
RouteID_9475872b-287f-4c2c-8e29-887766a4e090,NearestNeighbor,0.02,0.3,Random,47,13561.263333333336,99,32.81369646709463,392.3383333333295,1,2.8930810035151304,1.959626187771427,10,55,True,0.15491800000017975,0.4527825000004668
RouteID_9475872b-287f-4c2c-8e29-887766a4e090,NearestNeighbor,0.02,0.3,Random,48,13561.263333333336,99,32.81369646709463,260.19333333333634,1,1.9186511384509872,1.9850035234221672,8,55,True,0.16468800000075134,0.4527825000004668
RouteID_9475872b-287f-4c2c-8e29-887766a4e090,NearestNeighbor,0.02,0.3,Random,49,13561.263333333336,99,32.81369646709463,248.9883333333346,1,1.8360260929475933,1.7935567033813764,10,55,True,0.15966739999930724,0.4527825000004668
RouteID_9475872b-287f-4c2c-8e29-887766a4e090,NearestNeighbor,0.02,0.3,Random,50,13561.263333333336,99,32.81369646709463,589.1899999999969,1,4.344654222234434,1.3783435376760762,10,55,True,0.17213469999842346,0.4527825000004668
RouteID_9475872b-287f-4c2c-8e29-887766a4e090,NearestNeighbor,0.02,0.3,Random,51,13561.263333333336,99,32.81369646709463,273.1033333333344,1,2.0138487589283174,1.5177258794343302,6,55,True,0.14617200000066077,0.4527825000004668
RouteID_9475872b-287f-4c2c-8e29-887766a4e090,NearestNeighbor,0.05,0.05,Random,42,13561.263333333336,99,32.81369646709463,99.29333333333489,0,0.7321835060106361,1.7567236365398597,5,9,True,0.06776470000113477,1.1925009000005957
RouteID_9475872b-287f-4c2c-8e29-887766a4e090,NearestNeighbor,0.05,0.05,Random,43,13561.263333333336,99,32.81369646709463,305.2333333333372,0,2.250773588203094,0.4738252965517911,4,9,True,0.0795496999999159,1.1925009000005957
RouteID_9475872b-287f-4c2c-8e29-887766a4e090,NearestNeighbor,0.05,0.05,Random,44,13561.263333333336,99,32.81369646709463,248.15333333333547,1,1.829868849485277,1.826119464897367,5,9,True,0.08446289999847068,1.1925009000005957
RouteID_9475872b-287f-4c2c-8e29-887766a4e090,NearestNeighbor,0.05,0.05,Random,45,13561.263333333336,99,32.81369646709463,600.3300000000036,2,4.426799961360557,2.948319067566264,4,9,True,0.06339300000036019,1.1925009000005957
RouteID_9475872b-287f-4c2c-8e29-887766a4e090,NearestNeighbor,0.05,0.05,Random,46,13561.263333333336,99,32.81369646709463,708.840000000002,2,5.226946653691815,2.0075780209561054,5,9,True,0.08143899999777204,1.1925009000005957
RouteID_9475872b-287f-4c2c-8e29-887766a4e090,NearestNeighbor,0.05,0.05,Random,47,13561.263333333336,99,32.81369646709463,66.21500000000196,1,0.4882657195900526,0.7088780153449082,2,9,True,0.07218540000030771,1.1925009000005957
RouteID_9475872b-287f-4c2c-8e29-887766a4e090,NearestNeighbor,0.05,0.05,Random,48,13561.263333333336,99,32.81369646709463,28.359999999995125,0,0.20912505939094012,2.202375296521593,2,9,True,0.06664749999981723,1.1925009000005957
RouteID_9475872b-287f-4c2c-8e29-887766a4e090,NearestNeighbor,0.05,0.05,Random,49,13561.263333333336,99,32.81369646709463,45.50500000000102,0,0.33555133383591607,3.9182620687505962,4,9,True,0.043454999999084976,1.1925009000005957
RouteID_9475872b-287f-4c2c-8e29-887766a4e090,NearestNeighbor,0.05,0.05,Random,50,13561.263333333336,99,32.81369646709463,95.46166666667523,0,0.7039290095638229,1.8433926205357438,4,9,True,0.05805550000150106,1.1925009000005957
RouteID_9475872b-287f-4c2c-8e29-887766a4e090,NearestNeighbor,0.05,0.05,Random,51,13561.263333333336,99,32.81369646709463,153.501666666667,0,1.1319127347771702,4.271358587404279,6,9,True,0.059435600000142585,1.1925009000005957
RouteID_9475872b-287f-4c2c-8e29-887766a4e090,NearestNeighbor,0.05,0.1,Random,42,13561.263333333336,99,32.81369646709463,191.14833333333627,1,1.4095171565874485,3.1455845031030694,10,18,True,0.111785900000541,1.1925009000005957
RouteID_9475872b-287f-4c2c-8e29-887766a4e090,NearestNeighbor,0.05,0.1,Random,43,13561.263333333336,99,32.81369646709463,534.3283333333366,1,3.9401073498806514,3.859366758253623,8,18,True,0.1477378999989014,1.1925009000005957
RouteID_9475872b-287f-4c2c-8e29-887766a4e090,NearestNeighbor,0.05,0.1,Random,44,13561.263333333336,99,32.81369646709463,269.7549999999992,1,1.989158335543462,4.791708156155653,7,18,True,0.13533769999776268,1.1925009000005957
RouteID_9475872b-287f-4c2c-8e29-887766a4e090,NearestNeighbor,0.05,0.1,Random,45,13561.263333333336,99,32.81369646709463,726.8966666666656,2,5.360095507326128,3.1210531002065984,7,18,True,0.11148860000321292,1.1925009000005957
RouteID_9475872b-287f-4c2c-8e29-887766a4e090,NearestNeighbor,0.05,0.1,Random,46,13561.263333333336,99,32.81369646709463,711.4316666666655,2,5.246057459248502,2.2156511565603836,6,18,True,0.161932799997885,1.1925009000005957
RouteID_9475872b-287f-4c2c-8e29-887766a4e090,NearestNeighbor,0.05,0.1,Random,47,13561.263333333336,99,32.81369646709463,296.70333333333474,1,2.187873843611925,4.823639292148525,5,18,True,0.14490110000042478,1.1925009000005957
RouteID_9475872b-287f-4c2c-8e29-887766a4e090,NearestNeighbor,0.05,0.1,Random,48,13561.263333333336,99,32.81369646709463,74.53000000000065,1,0.5495800661639486,3.3034132552516664,4,18,True,0.11446190000060597,1.1925009000005957
RouteID_9475872b-287f-4c2c-8e29-887766a4e090,NearestNeighbor,0.05,0.1,Random,49,13561.263333333336,99,32.81369646709463,138.6166666666668,1,1.0221515743739713,4.867255222272371,8,18,True,0.07831349999833037,1.1925009000005957
RouteID_9475872b-287f-4c2c-8e29-887766a4e090,NearestNeighbor,0.05,0.1,Random,50,13561.263333333336,99,32.81369646709463,528.7800000000007,1,3.89919424911003,4.270490934115965,8,18,True,0.11786679999931948,1.1925009000005957
RouteID_9475872b-287f-4c2c-8e29-887766a4e090,NearestNeighbor,0.05,0.1,Random,51,13561.263333333336,99,32.81369646709463,524.0916666666726,1,3.8646227404084463,4.210225477363993,7,18,True,0.08626240000012331,1.1925009000005957
RouteID_9475872b-287f-4c2c-8e29-887766a4e090,NearestNeighbor,0.05,0.2,Random,42,13561.263333333336,99,32.81369646709463,775.6900000000096,2,5.719894827890982,4.69392704336477,16,37,True,0.16970849999779603,1.1925009000005957
RouteID_9475872b-287f-4c2c-8e29-887766a4e090,NearestNeighbor,0.05,0.2,Random,43,13561.263333333336,99,32.81369646709463,794.608333333339,1,5.859397563501377,4.819629828393657,12,37,True,0.1891974999998638,1.1925009000005957
RouteID_9475872b-287f-4c2c-8e29-887766a4e090,NearestNeighbor,0.05,0.2,Random,44,13561.263333333336,99,32.81369646709463,294.8716666666696,1,2.1743672356975807,4.776726948332632,9,37,True,0.18769840000095428,1.1925009000005957
RouteID_9475872b-287f-4c2c-8e29-887766a4e090,NearestNeighbor,0.05,0.2,Random,45,13561.263333333336,99,32.81369646709463,933.8999999999996,2,6.886526550255024,4.11066646548838,11,37,True,0.2007292000016605,1.1925009000005957
RouteID_9475872b-287f-4c2c-8e29-887766a4e090,NearestNeighbor,0.05,0.2,Random,46,13561.263333333336,99,32.81369646709463,844.8233333333337,2,6.229680174831304,4.965635740303263,10,37,True,0.21072479999929783,1.1925009000005957
RouteID_9475872b-287f-4c2c-8e29-887766a4e090,NearestNeighbor,0.05,0.2,Random,47,13561.263333333336,99,32.81369646709463,595.9016666666648,1,4.394145678168121,4.989208139810892,8,37,True,0.16539900000134367,1.1925009000005957
RouteID_9475872b-287f-4c2c-8e29-887766a4e090,NearestNeighbor,0.05,0.2,Random,48,13561.263333333336,99,32.81369646709463,255.74166666667406,1,1.8858247965590769,4.398003466010085,8,37,True,0.21373420000236365,1.1925009000005957
RouteID_9475872b-287f-4c2c-8e29-887766a4e090,NearestNeighbor,0.05,0.2,Random,49,13561.263333333336,99,32.81369646709463,154.11166666666577,1,1.1364108407795763,4.863827026171017,10,37,True,0.15373170000020764,1.1925009000005957
RouteID_9475872b-287f-4c2c-8e29-887766a4e090,NearestNeighbor,0.05,0.2,Random,50,13561.263333333336,99,32.81369646709463,691.8899999999994,1,5.101958298378784,4.991030214028364,11,37,True,0.19790110000030836,1.1925009000005957
RouteID_9475872b-287f-4c2c-8e29-887766a4e090,NearestNeighbor,0.05,0.2,Random,51,13561.263333333336,99,32.81369646709463,640.211666666668,1,4.720885148605879,4.8959801609018125,11,37,True,0.2059224999975413,1.1925009000005957
RouteID_9475872b-287f-4c2c-8e29-887766a4e090,NearestNeighbor,0.05,0.3,Random,42,13561.263333333336,99,32.81369646709463,847.5300000000025,2,6.249638983978648,4.534663231482168,19,55,True,0.2733522000016819,1.1925009000005957
RouteID_9475872b-287f-4c2c-8e29-887766a4e090,NearestNeighbor,0.05,0.3,Random,43,13561.263333333336,99,32.81369646709463,834.2983333333395,1,6.152069411429019,4.910676605481287,13,55,True,0.2907231999997748,1.1925009000005957
RouteID_9475872b-287f-4c2c-8e29-887766a4e090,NearestNeighbor,0.05,0.3,Random,44,13561.263333333336,99,32.81369646709463,438.2366666666694,1,3.2315327554291473,4.888202788831377,12,55,True,0.2898195999987365,1.1925009000005957
RouteID_9475872b-287f-4c2c-8e29-887766a4e090,NearestNeighbor,0.05,0.3,Random,45,13561.263333333336,99,32.81369646709463,1357.8166666666693,3,10.01246442379141,4.030806654029657,16,55,True,0.36064579999947455,1.1925009000005957
RouteID_9475872b-287f-4c2c-8e29-887766a4e090,NearestNeighbor,0.05,0.3,Random,46,13561.263333333336,99,32.81369646709463,939.9350000000013,2,6.931028303901882,4.842402093136722,12,55,True,0.2888656000031915,1.1925009000005957
RouteID_9475872b-287f-4c2c-8e29-887766a4e090,NearestNeighbor,0.05,0.3,Random,47,13561.263333333336,99,32.81369646709463,598.2400000000052,1,4.4113884178440985,4.966153412802187,10,55,True,0.23832060000131605,1.1925009000005957
RouteID_9475872b-287f-4c2c-8e29-887766a4e090,NearestNeighbor,0.05,0.3,Random,48,13561.263333333336,99,32.81369646709463,344.9216666666689,1,2.54343314622361,4.881595173448867,12,55,True,0.2500971000008576,1.1925009000005957
RouteID_9475872b-287f-4c2c-8e29-887766a4e090,NearestNeighbor,0.05,0.3,Random,49,13561.263333333336,99,32.81369646709463,250.15166666667392,1,1.8446044481107136,4.765048605753808,11,55,True,0.19510380000065197,1.1925009000005957
RouteID_9475872b-287f-4c2c-8e29-887766a4e090,NearestNeighbor,0.05,0.3,Random,50,13561.263333333336,99,32.81369646709463,762.8533333333362,1,5.6252379633264455,4.919325654449984,13,55,True,0.2776056999973662,1.1925009000005957
RouteID_9475872b-287f-4c2c-8e29-887766a4e090,NearestNeighbor,0.05,0.3,Random,51,13561.263333333336,99,32.81369646709463,712.9350000000013,1,5.257142955462123,4.435109575203283,12,55,True,0.23682520000147633,1.1925009000005957
RouteID_9475872b-287f-4c2c-8e29-887766a4e090,NearestNeighbor,0.1,0.05,Random,42,13561.263333333336,99,32.81369646709463,99.29333333333489,0,0.7321835060106361,1.7567236365398597,5,9,True,0.1284455999993952,3.2607966999967175
RouteID_9475872b-287f-4c2c-8e29-887766a4e090,NearestNeighbor,0.1,0.05,Random,43,13561.263333333336,99,32.81369646709463,305.2333333333372,0,2.250773588203094,0.4738252965517911,4,9,True,0.1975523000000976,3.2607966999967175
RouteID_9475872b-287f-4c2c-8e29-887766a4e090,NearestNeighbor,0.1,0.05,Random,44,13561.263333333336,99,32.81369646709463,248.15333333333547,1,1.829868849485277,1.826119464897367,5,9,True,0.1846834999996645,3.2607966999967175
RouteID_9475872b-287f-4c2c-8e29-887766a4e090,NearestNeighbor,0.1,0.05,Random,45,13561.263333333336,99,32.81369646709463,600.3300000000036,2,4.426799961360557,2.948319067566264,4,9,True,0.1357093000005989,3.2607966999967175
RouteID_9475872b-287f-4c2c-8e29-887766a4e090,NearestNeighbor,0.1,0.05,Random,46,13561.263333333336,99,32.81369646709463,708.840000000002,2,5.226946653691815,2.0075780209561054,5,9,True,0.18646649999936926,3.2607966999967175
RouteID_9475872b-287f-4c2c-8e29-887766a4e090,NearestNeighbor,0.1,0.05,Random,47,13561.263333333336,99,32.81369646709463,66.21500000000196,1,0.4882657195900526,0.7088780153449082,2,9,True,0.1359258000011323,3.2607966999967175
RouteID_9475872b-287f-4c2c-8e29-887766a4e090,NearestNeighbor,0.1,0.05,Random,48,13561.263333333336,99,32.81369646709463,28.359999999995125,0,0.20912505939094012,2.202375296521593,2,9,True,0.18673069999931613,3.2607966999967175
RouteID_9475872b-287f-4c2c-8e29-887766a4e090,NearestNeighbor,0.1,0.05,Random,49,13561.263333333336,99,32.81369646709463,45.50500000000102,0,0.33555133383591607,3.9182620687505962,4,9,True,0.13393899999937275,3.2607966999967175
RouteID_9475872b-287f-4c2c-8e29-887766a4e090,NearestNeighbor,0.1,0.05,Random,50,13561.263333333336,99,32.81369646709463,95.46166666667523,0,0.7039290095638229,1.8433926205357438,4,9,True,0.17193409999890719,3.2607966999967175
RouteID_9475872b-287f-4c2c-8e29-887766a4e090,NearestNeighbor,0.1,0.05,Random,51,13561.263333333336,99,32.81369646709463,163.09000000000015,0,1.2026165703834386,5.370031257873087,6,9,True,0.14782320000085747,3.2607966999967175
RouteID_9475872b-287f-4c2c-8e29-887766a4e090,NearestNeighbor,0.1,0.1,Random,42,13561.263333333336,99,32.81369646709463,191.14833333333627,1,1.4095171565874485,3.1455845031030694,10,18,True,0.3132614999994985,3.2607966999967175
RouteID_9475872b-287f-4c2c-8e29-887766a4e090,NearestNeighbor,0.1,0.1,Random,43,13561.263333333336,99,32.81369646709463,534.3283333333366,1,3.9401073498806514,3.859366758253623,8,18,True,0.41495560000112164,3.2607966999967175
RouteID_9475872b-287f-4c2c-8e29-887766a4e090,NearestNeighbor,0.1,0.1,Random,44,13561.263333333336,99,32.81369646709463,269.7549999999992,1,1.989158335543462,4.791708156155653,7,18,True,0.30949360000158777,3.2607966999967175
RouteID_9475872b-287f-4c2c-8e29-887766a4e090,NearestNeighbor,0.1,0.1,Random,45,13561.263333333336,99,32.81369646709463,726.8966666666656,2,5.360095507326128,3.1210531002065984,7,18,True,0.3180126000006567,3.2607966999967175
RouteID_9475872b-287f-4c2c-8e29-887766a4e090,NearestNeighbor,0.1,0.1,Random,46,13561.263333333336,99,32.81369646709463,711.4316666666655,2,5.246057459248502,2.2156511565603836,6,18,True,0.3349826999983634,3.2607966999967175
RouteID_9475872b-287f-4c2c-8e29-887766a4e090,NearestNeighbor,0.1,0.1,Random,47,13561.263333333336,99,32.81369646709463,296.70333333333474,1,2.187873843611925,4.823639292148525,5,18,True,0.2890235999984725,3.2607966999967175
RouteID_9475872b-287f-4c2c-8e29-887766a4e090,NearestNeighbor,0.1,0.1,Random,48,13561.263333333336,99,32.81369646709463,74.53000000000065,1,0.5495800661639486,3.3034132552516664,4,18,True,0.3197221000009449,3.2607966999967175
RouteID_9475872b-287f-4c2c-8e29-887766a4e090,NearestNeighbor,0.1,0.1,Random,49,13561.263333333336,99,32.81369646709463,156.19000000000779,1,1.1517363549463393,6.533006316539989,10,18,True,0.21646409999812022,3.2607966999967175
RouteID_9475872b-287f-4c2c-8e29-887766a4e090,NearestNeighbor,0.1,0.1,Random,50,13561.263333333336,99,32.81369646709463,613.9350000000013,1,4.527122473102932,7.607338188270172,9,18,True,0.2716368000001239,3.2607966999967175
RouteID_9475872b-287f-4c2c-8e29-887766a4e090,NearestNeighbor,0.1,0.1,Random,51,13561.263333333336,99,32.81369646709463,543.8016666666699,1,4.0099631818963015,5.317841178543432,8,18,True,0.20363150000048336,3.2607966999967175
RouteID_9475872b-287f-4c2c-8e29-887766a4e090,NearestNeighbor,0.1,0.2,Random,42,13561.263333333336,99,32.81369646709463,785.0666666666693,2,5.789037845294176,6.100777134858709,17,37,True,0.43948590000218246,3.2607966999967175
RouteID_9475872b-287f-4c2c-8e29-887766a4e090,NearestNeighbor,0.1,0.2,Random,43,13561.263333333336,99,32.81369646709463,850.2583333333387,1,6.269757561918434,6.073096965017872,14,37,True,0.5298215000002529,3.2607966999967175
RouteID_9475872b-287f-4c2c-8e29-887766a4e090,NearestNeighbor,0.1,0.2,Random,44,13561.263333333336,99,32.81369646709463,899.5166666666682,2,6.63298576656699,9.25452009647731,14,37,True,0.5140515999992203,3.2607966999967175
RouteID_9475872b-287f-4c2c-8e29-887766a4e090,NearestNeighbor,0.1,0.2,Random,45,13561.263333333336,99,32.81369646709463,1025.0766666666677,2,7.5588582086378935,8.037861926415149,12,37,True,0.45602019999932963,3.2607966999967175
RouteID_9475872b-287f-4c2c-8e29-887766a4e090,NearestNeighbor,0.1,0.2,Random,46,13561.263333333336,99,32.81369646709463,1046.1366666666727,2,7.714153474885249,9.789308512285904,14,37,True,0.5127050999981293,3.2607966999967175
RouteID_9475872b-287f-4c2c-8e29-887766a4e090,NearestNeighbor,0.1,0.2,Random,47,13561.263333333336,99,32.81369646709463,760.3116666666701,1,5.606495854983053,7.680389683063576,11,37,True,0.39947789999860106,3.2607966999967175
RouteID_9475872b-287f-4c2c-8e29-887766a4e090,NearestNeighbor,0.1,0.2,Random,48,13561.263333333336,99,32.81369646709463,450.1633333333357,2,3.319479330711339,8.002374540015788,11,37,True,0.44051849999959813,3.2607966999967175
RouteID_9475872b-287f-4c2c-8e29-887766a4e090,NearestNeighbor,0.1,0.2,Random,49,13561.263333333336,99,32.81369646709463,397.71333333333314,1,2.932715953946275,8.4754782809371,16,37,True,0.28412570000000414,3.2607966999967175
RouteID_9475872b-287f-4c2c-8e29-887766a4e090,NearestNeighbor,0.1,0.2,Random,50,13561.263333333336,99,32.81369646709463,854.1283333333377,1,6.298294726228831,9.38704883660379,15,37,True,0.2806199000006018,3.2607966999967175
RouteID_9475872b-287f-4c2c-8e29-887766a4e090,NearestNeighbor,0.1,0.2,Random,51,13561.263333333336,99,32.81369646709463,851.3350000000046,2,6.277696841911762,9.365087712605677,16,37,True,0.28259539999999106,3.2607966999967175
RouteID_9475872b-287f-4c2c-8e29-887766a4e090,NearestNeighbor,0.1,0.3,Random,42,13561.263333333336,99,32.81369646709463,895.3833333333332,2,6.602506796933125,6.979580735783474,21,55,True,0.5294141999984276,3.2607966999967175
RouteID_9475872b-287f-4c2c-8e29-887766a4e090,NearestNeighbor,0.1,0.3,Random,43,13561.263333333336,99,32.81369646709463,1048.2033333333347,1,7.72939295970214,6.934996557263952,20,55,True,0.6269749000020965,3.2607966999967175
RouteID_9475872b-287f-4c2c-8e29-887766a4e090,NearestNeighbor,0.1,0.3,Random,44,13561.263333333336,99,32.81369646709463,1354.4766666666728,3,9.987835449942144,9.112526190606523,20,55,True,0.47098600000026636,3.2607966999967175
RouteID_9475872b-287f-4c2c-8e29-887766a4e090,NearestNeighbor,0.1,0.3,Random,45,13561.263333333336,99,32.81369646709463,1470.3166666666693,3,10.842033153745035,9.85954822079374,18,55,True,0.46396140000069863,3.2607966999967175
RouteID_9475872b-287f-4c2c-8e29-887766a4e090,NearestNeighbor,0.1,0.3,Random,46,13561.263333333336,99,32.81369646709463,1187.808333333338,3,8.758832448992617,9.861939627851052,17,55,True,0.5039095000029192,3.2607966999967175
RouteID_9475872b-287f-4c2c-8e29-887766a4e090,NearestNeighbor,0.1,0.3,Random,47,13561.263333333336,99,32.81369646709463,914.138333333336,2,6.740805121646748,8.600699313247167,15,55,True,0.44242060000033234,3.2607966999967175
RouteID_9475872b-287f-4c2c-8e29-887766a4e090,NearestNeighbor,0.1,0.3,Random,48,13561.263333333336,99,32.81369646709463,573.5866666666716,2,4.2295961118667025,9.519566354816213,17,55,True,0.5018641999995452,3.2607966999967175
RouteID_9475872b-287f-4c2c-8e29-887766a4e090,NearestNeighbor,0.1,0.3,Random,49,13561.263333333336,99,32.81369646709463,557.453333333342,1,4.110629811037826,9.742177972680572,20,55,True,0.3436852999984694,3.2607966999967175
RouteID_9475872b-287f-4c2c-8e29-887766a4e090,NearestNeighbor,0.1,0.3,Random,50,13561.263333333336,99,32.81369646709463,1068.493333333341,1,7.879010288864491,9.81250195595072,19,55,True,0.36046519999945303,3.2607966999967175
RouteID_9475872b-287f-4c2c-8e29-887766a4e090,NearestNeighbor,0.1,0.3,Random,51,13561.263333333336,99,32.81369646709463,1050.1183333333338,2,7.743514062972011,9.679854454621774,21,55,True,0.33733610000126646,3.2607966999967175
